TEAM,DATE,MATCHUP,W/L,MIN,PTS,+/-
TOR,10/22/2019,TOR vs. NOP,W,265,130,8
NOP,10/22/2019,NOP @ TOR,L,265,122,-8
LAL,10/22/2019,LAL @ LAC,L,238,102,-10
LAC,10/22/2019,LAC vs. LAL,W,239,112,10
WAS,10/23/2019,WAS @ DAL,L,241,100,-8
UTA,10/23/2019,UTA vs. OKC,W,241,100,5
SAS,10/23/2019,SAS vs. NYK,W,240,120,9
SAC,10/23/2019,SAC @ PHX,L,240,95,-29
POR,10/23/2019,POR vs. DEN,L,240,100,-8
PHX,10/23/2019,PHX vs. SAC,W,239,124,29
PHI,10/23/2019,PHI vs. BOS,W,240,107,14
ORL,10/23/2019,ORL vs. CLE,W,239,94,9
OKC,10/23/2019,OKC @ UTA,L,241,95,-5
NYK,10/23/2019,NYK @ SAS,L,239,111,-9
MIN,10/23/2019,MIN @ BKN,W,266,127,1
MIA,10/23/2019,MIA vs. MEM,W,240,120,19
MEM,10/23/2019,MEM @ MIA,L,240,101,-19
IND,10/23/2019,IND vs. DET,L,241,110,-9
DET,10/23/2019,DET @ IND,W,241,119,9
DEN,10/23/2019,DEN @ POR,W,239,108,8
DAL,10/23/2019,DAL vs. WAS,W,240,108,8
CLE,10/23/2019,CLE @ ORL,L,240,85,-9
CHI,10/23/2019,CHI @ CHA,L,239,125,-1
CHA,10/23/2019,CHA vs. CHI,W,240,126,1
BOS,10/23/2019,BOS @ PHI,L,240,93,-14
BKN,10/23/2019,BKN vs. MIN,L,264,126,-1
MIL,10/24/2019,MIL @ HOU,W,240,117,6
LAC,10/24/2019,LAC @ GSW,W,239,141,19
HOU,10/24/2019,HOU vs. MIL,L,240,111,-6
GSW,10/24/2019,GSW vs. LAC,L,238,122,-19
DET,10/24/2019,DET vs. ATL,L,240,100,-17
ATL,10/24/2019,ATL @ DET,W,239,117,17
WAS,10/25/2019,WAS @ OKC,W,240,97,12
UTA,10/25/2019,UTA @ LAL,L,239,86,-9
TOR,10/25/2019,TOR @ BOS,L,241,106,-6
SAC,10/25/2019,SAC vs. POR,L,241,112,-10
POR,10/25/2019,POR @ SAC,W,240,122,10
PHX,10/25/2019,PHX @ DEN,L,265,107,-1
OKC,10/25/2019,OKC vs. WAS,L,240,85,-12
NYK,10/25/2019,NYK @ BKN,L,241,109,-4
NOP,10/25/2019,NOP vs. DAL,L,239,116,-7
MIN,10/25/2019,MIN @ CHA,W,240,121,22
MEM,10/25/2019,MEM vs. CHI,L,239,102,-8
LAL,10/25/2019,LAL vs. UTA,W,239,95,9
DEN,10/25/2019,DEN vs. PHX,W,266,108,1
DAL,10/25/2019,DAL @ NOP,W,241,123,7
CHI,10/25/2019,CHI @ MEM,W,240,110,8
CHA,10/25/2019,CHA vs. MIN,L,241,99,-22
BOS,10/25/2019,BOS vs. TOR,W,240,112,6
BKN,10/25/2019,BKN vs. NYK,W,239,113,4
WAS,10/26/2019,WAS @ SAS,L,239,122,-2
UTA,10/26/2019,UTA vs. SAC,W,240,113,32
TOR,10/26/2019,TOR @ CHI,W,242,108,24
SAS,10/26/2019,SAS vs. WAS,W,240,124,2
SAC,10/26/2019,SAC @ UTA,L,240,81,-32
PHX,10/26/2019,PHX vs. LAC,W,240,130,8
PHI,10/26/2019,PHI @ DET,W,239,117,6
ORL,10/26/2019,ORL @ ATL,L,240,99,-4
NYK,10/26/2019,NYK vs. BOS,L,241,95,-23
NOP,10/26/2019,NOP @ HOU,L,240,123,-3
MIL,10/26/2019,MIL vs. MIA,L,265,126,-5
MIA,10/26/2019,MIA @ MIL,W,266,131,5
LAC,10/26/2019,LAC @ PHX,L,239,122,-8
IND,10/26/2019,IND @ CLE,L,241,99,-11
HOU,10/26/2019,HOU vs. NOP,W,240,126,3
DET,10/26/2019,DET vs. PHI,L,240,111,-6
CLE,10/26/2019,CLE vs. IND,W,239,110,11
CHI,10/26/2019,CHI vs. TOR,L,240,84,-24
BOS,10/26/2019,BOS @ NYK,W,242,118,23
ATL,10/26/2019,ATL vs. ORL,W,242,103,4
POR,10/27/2019,POR @ DAL,W,240,121,2
OKC,10/27/2019,OKC vs. GSW,W,240,120,28
MIN,10/27/2019,MIN vs. MIA,W,241,116,7
MIA,10/27/2019,MIA @ MIN,L,239,109,-7
MEM,10/27/2019,MEM vs. BKN,W,267,134,1
LAL,10/27/2019,LAL vs. CHA,W,239,120,19
GSW,10/27/2019,GSW @ OKC,L,239,92,-28
DAL,10/27/2019,DAL vs. POR,L,241,119,-2
CHA,10/27/2019,CHA @ LAL,L,240,101,-19
BKN,10/27/2019,BKN @ MEM,L,264,133,-1
UTA,10/28/2019,UTA @ PHX,W,240,96,1
TOR,10/28/2019,TOR vs. ORL,W,241,104,9
SAS,10/28/2019,SAS vs. POR,W,240,113,3
SAC,10/28/2019,SAC vs. DEN,L,239,94,-7
POR,10/28/2019,POR @ SAS,L,241,110,-3
PHX,10/28/2019,PHX vs. UTA,L,241,95,-1
PHI,10/28/2019,PHI @ ATL,W,241,105,-2
ORL,10/28/2019,ORL @ TOR,L,241,95,-9
OKC,10/28/2019,OKC @ HOU,L,241,112,-4
NYK,10/28/2019,NYK vs. CHI,W,241,105,7
NOP,10/28/2019,NOP vs. GSW,L,239,123,-11
MIL,10/28/2019,MIL vs. CLE,W,238,129,17
LAC,10/28/2019,LAC vs. CHA,W,239,111,15
IND,10/28/2019,IND @ DET,L,241,94,-2
HOU,10/28/2019,HOU vs. OKC,W,240,116,4
GSW,10/28/2019,GSW @ NOP,W,240,134,11
DET,10/28/2019,DET vs. IND,W,239,96,2
DEN,10/28/2019,DEN @ SAC,W,240,101,7
CLE,10/28/2019,CLE @ MIL,L,238,112,-17
CHI,10/28/2019,CHI @ NYK,L,240,98,-7
CHA,10/28/2019,CHA @ LAC,L,240,96,-15
ATL,10/28/2019,ATL vs. PHI,L,240,103,2
MIA,10/29/2019,MIA vs. ATL,W,241,112,15
MEM,10/29/2019,MEM @ LAL,L,239,91,-29
LAL,10/29/2019,LAL vs. MEM,W,241,120,29
DEN,10/29/2019,DEN vs. DAL,L,240,106,-3
DAL,10/29/2019,DAL @ DEN,W,239,109,3
ATL,10/29/2019,ATL @ MIA,L,240,97,-15
WAS,10/30/2019,WAS vs. HOU,L,241,158,-1
UTA,10/30/2019,UTA vs. LAC,W,239,110,14
TOR,10/30/2019,TOR vs. DET,W,240,125,12
SAC,10/30/2019,SAC vs. CHA,L,240,111,-7
POR,10/30/2019,POR @ OKC,W,241,102,3
PHX,10/30/2019,PHX @ GSW,W,239,121,11
PHI,10/30/2019,PHI vs. MIN,W,242,117,22
ORL,10/30/2019,ORL vs. NYK,W,240,95,12
OKC,10/30/2019,OKC vs. POR,L,240,99,-3
NYK,10/30/2019,NYK @ ORL,L,240,83,-12
MIN,10/30/2019,MIN @ PHI,L,241,95,-22
MIL,10/30/2019,MIL @ BOS,L,240,105,-11
LAC,10/30/2019,LAC @ UTA,L,240,96,-14
IND,10/30/2019,IND @ BKN,W,239,118,10
HOU,10/30/2019,HOU @ WAS,W,241,159,1
GSW,10/30/2019,GSW vs. PHX,L,240,110,-11
DET,10/30/2019,DET @ TOR,L,241,113,-12
CLE,10/30/2019,CLE vs. CHI,W,240,117,6
CHI,10/30/2019,CHI @ CLE,L,240,111,-6
CHA,10/30/2019,CHA @ SAC,W,241,118,7
BOS,10/30/2019,BOS vs. MIL,W,241,116,11
BKN,10/30/2019,BKN vs. IND,L,240,108,-10
SAS,10/31/2019,SAS @ LAC,L,240,97,-6
NOP,10/31/2019,NOP vs. DEN,W,240,122,15
MIA,10/31/2019,MIA @ ATL,W,239,106,9
LAC,10/31/2019,LAC vs. SAS,W,240,103,6
DEN,10/31/2019,DEN @ NOP,L,239,107,-15
ATL,10/31/2019,ATL vs. MIA,L,238,97,-9
UTA,11/01/2019,UTA @ SAC,L,241,101,-1
SAS,11/01/2019,SAS @ GSW,W,240,127,17
SAC,11/01/2019,SAC vs. UTA,W,239,102,1
ORL,11/01/2019,ORL vs. MIL,L,242,91,-32
NYK,11/01/2019,NYK @ BOS,L,240,102,-2
MIL,11/01/2019,MIL @ ORL,W,238,123,32
LAL,11/01/2019,LAL @ DAL,W,267,119,9
IND,11/01/2019,IND vs. CLE,W,239,102,7
HOU,11/01/2019,HOU @ BKN,L,241,116,-7
GSW,11/01/2019,GSW vs. SAS,L,240,110,-17
DET,11/01/2019,DET @ CHI,L,241,106,-6
DAL,11/01/2019,DAL vs. LAL,L,266,110,-9
CLE,11/01/2019,CLE @ IND,L,240,95,-7
CHI,11/01/2019,CHI vs. DET,W,239,112,6
BOS,11/01/2019,BOS vs. NYK,W,241,104,2
BKN,11/01/2019,BKN vs. HOU,W,238,123,7
WAS,11/02/2019,WAS vs. MIN,L,239,109,-22
TOR,11/02/2019,TOR @ MIL,L,239,105,-10
POR,11/02/2019,POR vs. PHI,L,239,128,-1
PHX,11/02/2019,PHX @ MEM,W,239,114,9
PHI,11/02/2019,PHI @ POR,W,240,129,1
ORL,11/02/2019,ORL vs. DEN,L,240,87,-4
OKC,11/02/2019,OKC vs. NOP,W,241,115,11
NOP,11/02/2019,NOP @ OKC,L,240,104,-11
MIN,11/02/2019,MIN @ WAS,W,240,131,22
MIL,11/02/2019,MIL vs. TOR,W,238,115,10
MEM,11/02/2019,MEM vs. PHX,L,240,105,-9
GSW,11/02/2019,GSW vs. CHA,L,241,87,-6
DET,11/02/2019,DET vs. BKN,W,240,113,4
DEN,11/02/2019,DEN @ ORL,W,238,91,4
CHA,11/02/2019,CHA @ GSW,W,240,93,6
BKN,11/02/2019,BKN @ DET,L,240,109,-4
UTA,11/03/2019,UTA @ LAC,L,239,94,-11
SAS,11/03/2019,SAS vs. LAL,L,239,96,-7
SAC,11/03/2019,SAC @ NYK,W,241,113,21
NYK,11/03/2019,NYK vs. SAC,L,241,92,-21
MIA,11/03/2019,MIA vs. HOU,W,240,129,29
LAL,11/03/2019,LAL @ SAS,W,239,103,7
LAC,11/03/2019,LAC vs. UTA,W,240,105,11
IND,11/03/2019,IND vs. CHI,W,241,108,13
HOU,11/03/2019,HOU @ MIA,L,239,100,-29
DAL,11/03/2019,DAL @ CLE,W,240,131,20
CLE,11/03/2019,CLE vs. DAL,L,240,111,-20
CHI,11/03/2019,CHI @ IND,L,240,95,-13
WAS,11/04/2019,WAS vs. DET,W,240,115,16
POR,11/04/2019,POR @ GSW,L,239,118,-9
PHX,11/04/2019,PHX vs. PHI,W,239,114,5
PHI,11/04/2019,PHI @ PHX,L,240,109,-5
NOP,11/04/2019,NOP @ BKN,L,239,125,-10
MIN,11/04/2019,MIN vs. MIL,L,240,106,-28
MIL,11/04/2019,MIL @ MIN,W,242,134,28
MEM,11/04/2019,MEM vs. HOU,L,239,100,-7
HOU,11/04/2019,HOU @ MEM,W,239,107,7
GSW,11/04/2019,GSW vs. POR,W,241,127,9
DET,11/04/2019,DET @ WAS,L,240,99,-16
BKN,11/04/2019,BKN vs. NOP,W,241,135,10
SAS,11/05/2019,SAS @ ATL,L,239,100,-8
ORL,11/05/2019,ORL @ OKC,L,241,94,-8
OKC,11/05/2019,OKC vs. ORL,W,240,102,8
MIA,11/05/2019,MIA @ DEN,L,239,89,-20
LAL,11/05/2019,LAL @ CHI,W,240,118,6
IND,11/05/2019,IND @ CHA,L,264,120,-2
DEN,11/05/2019,DEN vs. MIA,W,240,109,20
CLE,11/05/2019,CLE vs. BOS,L,238,113,-6
CHI,11/05/2019,CHI vs. LAL,L,241,112,-6
CHA,11/05/2019,CHA vs. IND,W,264,122,2
BOS,11/05/2019,BOS @ CLE,W,242,119,6
ATL,11/05/2019,ATL vs. SAS,W,240,108,8
WAS,11/06/2019,WAS @ IND,L,240,106,-15
UTA,11/06/2019,UTA vs. PHI,W,239,106,2
TOR,11/06/2019,TOR vs. SAC,W,239,124,4
SAC,11/06/2019,SAC @ TOR,L,241,120,-4
PHI,11/06/2019,PHI @ UTA,L,240,104,-2
ORL,11/06/2019,ORL @ DAL,L,239,106,-1
NYK,11/06/2019,NYK @ DET,L,242,102,-20
MIN,11/06/2019,MIN @ MEM,L,240,121,-16
MIL,11/06/2019,MIL @ LAC,W,241,129,5
MEM,11/06/2019,MEM vs. MIN,W,240,137,16
LAC,11/06/2019,LAC vs. MIL,L,238,124,-5
IND,11/06/2019,IND vs. WAS,W,240,121,15
HOU,11/06/2019,HOU vs. GSW,W,240,129,17
GSW,11/06/2019,GSW @ HOU,L,241,112,-17
DET,11/06/2019,DET vs. NYK,W,240,122,20
DAL,11/06/2019,DAL vs. ORL,W,241,107,1
CHI,11/06/2019,CHI @ ATL,W,240,113,20
ATL,11/06/2019,ATL vs. CHI,L,240,93,-20
SAS,11/07/2019,SAS vs. OKC,W,241,121,9
POR,11/07/2019,POR @ LAC,L,240,101,-6
PHX,11/07/2019,PHX vs. MIA,L,240,108,-16
OKC,11/07/2019,OKC @ SAS,L,241,112,-9
MIA,11/07/2019,MIA @ PHX,W,241,124,16
LAC,11/07/2019,LAC vs. POR,W,240,107,6
CHA,11/07/2019,CHA vs. BOS,L,238,87,-21
BOS,11/07/2019,BOS @ CHA,W,240,108,21
WAS,11/08/2019,WAS vs. CLE,L,239,100,-13
UTA,11/08/2019,UTA vs. MIL,W,241,103,3
TOR,11/08/2019,TOR @ NOP,W,239,122,18
SAC,11/08/2019,SAC @ ATL,W,241,121,12
POR,11/08/2019,POR vs. BKN,L,241,115,-4
PHI,11/08/2019,PHI @ DEN,L,239,97,-3
ORL,11/08/2019,ORL vs. MEM,W,239,118,32
NYK,11/08/2019,NYK @ DAL,W,241,106,4
NOP,11/08/2019,NOP vs. TOR,L,240,104,-18
MIN,11/08/2019,MIN vs. GSW,W,266,125,6
MIL,11/08/2019,MIL @ UTA,L,241,100,-3
MIA,11/08/2019,MIA @ LAL,L,239,80,-15
MEM,11/08/2019,MEM @ ORL,L,241,86,-32
LAL,11/08/2019,LAL vs. MIA,W,240,95,15
IND,11/08/2019,IND vs. DET,W,240,112,6
GSW,11/08/2019,GSW @ MIN,L,265,119,-6
DET,11/08/2019,DET @ IND,L,240,106,-6
DEN,11/08/2019,DEN vs. PHI,W,240,100,3
DAL,11/08/2019,DAL vs. NYK,L,241,102,-4
CLE,11/08/2019,CLE @ WAS,W,240,113,13
BKN,11/08/2019,BKN @ POR,W,241,119,4
ATL,11/08/2019,ATL vs. SAC,L,241,109,-12
SAS,11/09/2019,SAS vs. BOS,L,240,115,-20
OKC,11/09/2019,OKC vs. GSW,W,240,114,6
NOP,11/09/2019,NOP @ CHA,W,239,115,5
MEM,11/09/2019,MEM vs. DAL,L,241,122,-16
HOU,11/09/2019,HOU @ CHI,W,239,117,23
GSW,11/09/2019,GSW @ OKC,L,239,108,-6
DAL,11/09/2019,DAL @ MEM,W,240,138,16
CHI,11/09/2019,CHI vs. HOU,L,241,94,-23
CHA,11/09/2019,CHA vs. NOP,L,239,110,-5
BOS,11/09/2019,BOS @ SAS,W,238,135,20
TOR,11/10/2019,TOR @ LAL,W,240,113,9
POR,11/10/2019,POR vs. ATL,W,265,124,11
PHX,11/10/2019,PHX vs. BKN,W,241,138,26
PHI,11/10/2019,PHI vs. CHA,W,240,114,8
ORL,11/10/2019,ORL vs. IND,L,239,102,-7
OKC,11/10/2019,OKC vs. MIL,L,241,119,-2
NYK,11/10/2019,NYK vs. CLE,L,239,87,-21
MIN,11/10/2019,MIN vs. DEN,L,265,98,-2
MIL,11/10/2019,MIL @ OKC,W,239,121,2
LAL,11/10/2019,LAL vs. TOR,L,238,104,-9
IND,11/10/2019,IND @ ORL,W,241,109,7
DEN,11/10/2019,DEN @ MIN,W,266,100,2
CLE,11/10/2019,CLE @ NYK,W,240,108,21
CHA,11/10/2019,CHA @ PHI,L,241,106,-8
BKN,11/10/2019,BKN @ PHX,L,240,112,-26
ATL,11/10/2019,ATL @ POR,L,265,113,-11
UTA,11/11/2019,UTA @ GSW,W,242,122,14
TOR,11/11/2019,TOR @ LAC,L,240,88,-10
SAS,11/11/2019,SAS vs. MEM,L,240,109,-4
NOP,11/11/2019,NOP vs. HOU,L,238,116,-6
MIN,11/11/2019,MIN @ DET,W,240,120,6
MEM,11/11/2019,MEM @ SAS,W,241,113,4
LAC,11/11/2019,LAC vs. TOR,W,240,98,10
HOU,11/11/2019,HOU @ NOP,W,240,122,6
GSW,11/11/2019,GSW vs. UTA,L,240,108,-14
DET,11/11/2019,DET vs. MIN,L,241,114,-6
DAL,11/11/2019,DAL @ BOS,L,241,106,-10
BOS,11/11/2019,BOS vs. DAL,W,240,116,10
UTA,11/12/2019,UTA vs. BKN,W,240,119,5
SAC,11/12/2019,SAC vs. POR,W,239,107,8
POR,11/12/2019,POR @ SAC,L,241,99,-8
PHX,11/12/2019,PHX vs. LAL,L,240,115,-8
PHI,11/12/2019,PHI vs. CLE,W,240,98,1
OKC,11/12/2019,OKC @ IND,L,240,85,-26
NYK,11/12/2019,NYK @ CHI,L,241,102,-18
MIA,11/12/2019,MIA vs. DET,W,240,117,9
LAL,11/12/2019,LAL @ PHX,W,240,123,8
IND,11/12/2019,IND vs. OKC,W,239,111,26
DET,11/12/2019,DET @ MIA,L,241,108,-9
DEN,11/12/2019,DEN vs. ATL,L,240,121,-4
CLE,11/12/2019,CLE @ PHI,L,239,97,-1
CHI,11/12/2019,CHI vs. NYK,W,241,120,18
BKN,11/12/2019,BKN @ UTA,L,241,114,-5
ATL,11/12/2019,ATL @ DEN,W,240,125,4
WAS,11/13/2019,WAS @ BOS,L,239,133,-7
TOR,11/13/2019,TOR @ POR,W,239,114,8
SAS,11/13/2019,SAS @ MIN,L,240,114,-15
POR,11/13/2019,POR vs. TOR,L,240,106,-8
PHI,11/13/2019,PHI @ ORL,L,241,97,-15
ORL,11/13/2019,ORL vs. PHI,W,240,112,15
MIN,11/13/2019,MIN vs. SAS,W,241,129,15
MEM,11/13/2019,MEM @ CHA,W,240,119,2
LAL,11/13/2019,LAL vs. GSW,W,240,120,26
LAC,11/13/2019,LAC @ HOU,L,239,93,-9
HOU,11/13/2019,HOU vs. LAC,W,241,102,9
GSW,11/13/2019,GSW @ LAL,L,241,94,-26
CHA,11/13/2019,CHA vs. MEM,L,240,117,-2
BOS,11/13/2019,BOS vs. WAS,W,240,140,7
PHX,11/14/2019,PHX vs. ATL,W,241,128,16
NYK,11/14/2019,NYK vs. DAL,W,240,106,3
NOP,11/14/2019,NOP vs. LAC,W,241,132,5
MIL,11/14/2019,MIL vs. CHI,W,241,124,9
MIA,11/14/2019,MIA @ CLE,W,239,108,11
LAC,11/14/2019,LAC @ NOP,L,239,127,-5
DEN,11/14/2019,DEN vs. BKN,W,240,101,8
DAL,11/14/2019,DAL @ NYK,L,239,103,-3
CLE,11/14/2019,CLE vs. MIA,L,242,97,-11
CHI,11/14/2019,CHI @ MIL,L,241,115,-9
BKN,11/14/2019,BKN @ DEN,L,240,93,-8
ATL,11/14/2019,ATL @ PHX,L,240,112,-16
WAS,11/15/2019,WAS @ MIN,W,241,137,21
UTA,11/15/2019,UTA @ MEM,L,241,106,-1
SAS,11/15/2019,SAS @ ORL,L,240,109,-2
SAC,11/15/2019,SAC @ LAL,L,240,97,-2
PHI,11/15/2019,PHI @ OKC,L,266,119,-8
ORL,11/15/2019,ORL vs. SAS,W,241,111,2
OKC,11/15/2019,OKC vs. PHI,W,264,127,8
MIN,11/15/2019,MIN vs. WAS,L,241,116,-21
MEM,11/15/2019,MEM vs. UTA,W,240,107,1
LAL,11/15/2019,LAL vs. SAC,W,240,99,2
IND,11/15/2019,IND @ HOU,L,239,102,-9
HOU,11/15/2019,HOU vs. IND,W,240,111,9
GSW,11/15/2019,GSW vs. BOS,L,241,100,-5
DET,11/15/2019,DET @ CHA,L,239,106,-3
CHA,11/15/2019,CHA vs. DET,W,240,109,3
BOS,11/15/2019,BOS @ GSW,W,241,105,5
TOR,11/16/2019,TOR @ DAL,L,240,102,-8
SAS,11/16/2019,SAS vs. POR,L,241,116,-5
POR,11/16/2019,POR @ SAS,W,240,121,5
NYK,11/16/2019,NYK vs. CHA,L,240,102,-1
NOP,11/16/2019,NOP @ MIA,L,239,94,-15
MIN,11/16/2019,MIN vs. HOU,L,240,105,-20
MIL,11/16/2019,MIL @ IND,W,240,102,19
MIA,11/16/2019,MIA vs. NOP,W,239,109,15
LAC,11/16/2019,LAC vs. ATL,W,242,150,49
IND,11/16/2019,IND vs. MIL,L,240,83,-19
HOU,11/16/2019,HOU @ MIN,W,240,125,20
DAL,11/16/2019,DAL vs. TOR,W,241,110,8
CHI,11/16/2019,CHI vs. BKN,L,240,111,-6
CHA,11/16/2019,CHA @ NYK,W,239,103,1
BKN,11/16/2019,BKN @ CHI,W,240,117,6
ATL,11/16/2019,ATL @ LAC,L,240,101,-49
WAS,11/17/2019,WAS @ ORL,L,241,121,-4
SAC,11/17/2019,SAC vs. BOS,W,240,100,1
PHI,11/17/2019,PHI @ CLE,W,240,114,19
ORL,11/17/2019,ORL vs. WAS,W,241,125,4
NOP,11/17/2019,NOP vs. GSW,W,240,108,8
MEM,11/17/2019,MEM vs. DEN,L,240,114,-17
LAL,11/17/2019,LAL vs. ATL,W,240,122,21
GSW,11/17/2019,GSW @ NOP,L,241,100,-8
DEN,11/17/2019,DEN @ MEM,W,239,131,17
CLE,11/17/2019,CLE vs. PHI,L,240,95,-19
BOS,11/17/2019,BOS @ SAC,L,240,99,-1
ATL,11/17/2019,ATL @ LAL,L,241,101,-21
UTA,11/18/2019,UTA vs. MIN,L,240,102,-10
TOR,11/18/2019,TOR vs. CHA,W,239,132,36
SAS,11/18/2019,SAS @ DAL,L,240,110,-7
POR,11/18/2019,POR @ HOU,L,240,108,-24
PHX,11/18/2019,PHX vs. BOS,L,239,85,-14
OKC,11/18/2019,OKC @ LAC,L,240,88,-2
NYK,11/18/2019,NYK vs. CLE,W,241,123,18
MIN,11/18/2019,MIN @ UTA,W,240,112,10
MIL,11/18/2019,MIL @ CHI,W,241,115,14
LAC,11/18/2019,LAC vs. OKC,W,239,90,2
IND,11/18/2019,IND @ BKN,W,242,115,29
HOU,11/18/2019,HOU vs. POR,W,238,132,24
DAL,11/18/2019,DAL vs. SAS,W,240,117,7
CLE,11/18/2019,CLE @ NYK,L,240,105,-18
CHI,11/18/2019,CHI vs. MIL,L,240,101,-14
CHA,11/18/2019,CHA @ TOR,L,241,96,-36
BOS,11/18/2019,BOS @ PHX,W,242,99,14
BKN,11/18/2019,BKN vs. IND,L,240,86,-29
SAC,11/19/2019,SAC vs. PHX,W,240,120,4
POR,11/19/2019,POR @ NOP,L,241,104,-11
PHX,11/19/2019,PHX @ SAC,L,239,116,-4
OKC,11/19/2019,OKC @ LAL,L,240,107,-5
NOP,11/19/2019,NOP vs. POR,W,240,115,11
MEM,11/19/2019,MEM vs. GSW,L,238,95,-19
LAL,11/19/2019,LAL vs. OKC,W,239,112,5
GSW,11/19/2019,GSW @ MEM,W,241,114,19
WAS,11/20/2019,WAS vs. SAS,W,239,138,6
UTA,11/20/2019,UTA @ MIN,W,240,103,8
TOR,11/20/2019,TOR vs. ORL,W,239,113,16
SAS,11/20/2019,SAS @ WAS,L,239,132,-6
PHI,11/20/2019,PHI vs. NYK,W,240,109,5
ORL,11/20/2019,ORL @ TOR,L,241,97,-16
NYK,11/20/2019,NYK @ PHI,L,241,104,-5
MIN,11/20/2019,MIN vs. UTA,L,241,95,-8
MIL,11/20/2019,MIL @ ATL,W,241,135,8
MIA,11/20/2019,MIA vs. CLE,W,238,124,24
LAC,11/20/2019,LAC vs. BOS,W,266,107,3
HOU,11/20/2019,HOU @ DEN,L,240,95,-10
GSW,11/20/2019,GSW @ DAL,L,239,94,-48
DET,11/20/2019,DET @ CHI,L,240,89,-20
DEN,11/20/2019,DEN vs. HOU,W,240,105,10
DAL,11/20/2019,DAL vs. GSW,W,242,142,48
CLE,11/20/2019,CLE @ MIA,L,239,100,-24
CHI,11/20/2019,CHI vs. DET,W,240,109,20
CHA,11/20/2019,CHA @ BKN,L,240,91,-10
BOS,11/20/2019,BOS @ LAC,L,264,104,-3
BKN,11/20/2019,BKN vs. CHA,W,241,101,10
ATL,11/20/2019,ATL vs. MIL,L,242,127,-8
POR,11/21/2019,POR @ MIL,L,239,129,-8
PHX,11/21/2019,PHX vs. NOP,L,239,121,-3
NOP,11/21/2019,NOP @ PHX,W,240,124,3
MIL,11/21/2019,MIL vs. POR,W,240,137,8
WAS,11/22/2019,WAS vs. CHA,W,239,125,7
UTA,11/22/2019,UTA vs. GSW,W,240,113,4
SAS,11/22/2019,SAS @ PHI,L,238,104,-11
SAC,11/22/2019,SAC @ BKN,L,239,97,-19
PHI,11/22/2019,PHI vs. SAS,W,240,115,11
OKC,11/22/2019,OKC vs. LAL,L,240,127,-3
MIA,11/22/2019,MIA @ CHI,W,239,116,8
LAL,11/22/2019,LAL @ OKC,W,241,130,3
LAC,11/22/2019,LAC vs. HOU,W,238,122,3
HOU,11/22/2019,HOU @ LAC,L,240,119,-3
GSW,11/22/2019,GSW @ UTA,L,240,109,-4
DET,11/22/2019,DET vs. ATL,W,241,128,25
DEN,11/22/2019,DEN vs. BOS,W,239,96,4
DAL,11/22/2019,DAL vs. CLE,W,239,143,42
CLE,11/22/2019,CLE @ DAL,L,241,101,-42
CHI,11/22/2019,CHI vs. MIA,L,241,108,-8
CHA,11/22/2019,CHA @ WAS,L,241,118,-7
BOS,11/22/2019,BOS @ DEN,L,240,92,-4
BKN,11/22/2019,BKN vs. SAC,W,239,116,19
ATL,11/22/2019,ATL @ DET,L,242,103,-25
UTA,11/23/2019,UTA vs. NOP,W,239,128,8
TOR,11/23/2019,TOR @ ATL,W,240,119,3
SAS,11/23/2019,SAS @ NYK,W,239,111,7
POR,11/23/2019,POR @ CLE,L,240,104,-6
PHX,11/23/2019,PHX @ MIN,W,239,100,2
PHI,11/23/2019,PHI vs. MIA,W,240,113,27
ORL,11/23/2019,ORL @ IND,L,240,106,-5
NYK,11/23/2019,NYK vs. SAS,L,239,104,-7
NOP,11/23/2019,NOP @ UTA,L,241,120,-8
MIN,11/23/2019,MIN vs. PHX,L,241,98,-2
MIL,11/23/2019,MIL vs. DET,W,239,104,14
MIA,11/23/2019,MIA @ PHI,L,240,86,-27
MEM,11/23/2019,MEM vs. LAL,L,241,108,-1
LAL,11/23/2019,LAL @ MEM,W,241,109,1
IND,11/23/2019,IND vs. ORL,W,239,111,5
DET,11/23/2019,DET @ MIL,L,241,90,-14
CLE,11/23/2019,CLE vs. POR,W,241,110,6
CHI,11/23/2019,CHI @ CHA,W,241,116,1
CHA,11/23/2019,CHA vs. CHI,L,240,115,-1
ATL,11/23/2019,ATL vs. TOR,L,239,116,-3
WAS,11/24/2019,WAS vs. SAC,L,240,106,-7
SAC,11/24/2019,SAC @ WAS,W,240,113,7
PHX,11/24/2019,PHX @ DEN,L,240,104,-12
NYK,11/24/2019,NYK vs. BKN,L,240,101,-2
NOP,11/24/2019,NOP @ LAC,L,240,109,-25
LAC,11/24/2019,LAC vs. NOP,W,241,134,25
HOU,11/24/2019,HOU vs. DAL,L,240,123,-14
DEN,11/24/2019,DEN vs. PHX,W,240,116,12
DAL,11/24/2019,DAL @ HOU,W,239,137,14
BKN,11/24/2019,BKN @ NYK,W,239,103,2
UTA,11/25/2019,UTA @ MIL,L,238,118,-4
TOR,11/25/2019,TOR vs. PHI,W,241,101,5
SAS,11/25/2019,SAS vs. LAL,L,239,104,-10
SAC,11/25/2019,SAC @ BOS,L,242,102,-1
POR,11/25/2019,POR @ CHI,W,240,117,23
PHI,11/25/2019,PHI @ TOR,L,240,96,-5
ORL,11/25/2019,ORL @ DET,L,239,88,-15
OKC,11/25/2019,OKC @ GSW,W,241,100,3
MIN,11/25/2019,MIN @ ATL,W,240,125,12
MIL,11/25/2019,MIL vs. UTA,W,240,122,4
MIA,11/25/2019,MIA vs. CHA,W,239,117,17
MEM,11/25/2019,MEM @ IND,L,241,114,-12
LAL,11/25/2019,LAL @ SAS,W,240,114,10
IND,11/25/2019,IND vs. MEM,W,240,126,12
GSW,11/25/2019,GSW vs. OKC,L,239,97,-3
DET,11/25/2019,DET vs. ORL,W,240,103,15
CLE,11/25/2019,CLE vs. BKN,L,239,106,-2
CHI,11/25/2019,CHI vs. POR,L,240,94,-23
CHA,11/25/2019,CHA @ MIA,L,240,100,-17
BOS,11/25/2019,BOS vs. SAC,W,239,103,1
BKN,11/25/2019,BKN @ CLE,W,239,108,2
ATL,11/25/2019,ATL vs. MIN,L,241,113,-12
WAS,11/26/2019,WAS @ DEN,L,241,104,-13
LAC,11/26/2019,LAC @ DAL,W,238,114,15
DEN,11/26/2019,DEN vs. WAS,W,240,117,13
DAL,11/26/2019,DAL vs. LAC,L,240,99,-15
WAS,11/27/2019,WAS @ PHX,W,239,140,8
UTA,11/27/2019,UTA @ IND,L,240,102,-19
TOR,11/27/2019,TOR vs. NYK,W,240,126,28
SAS,11/27/2019,SAS vs. MIN,L,239,101,-12
SAC,11/27/2019,SAC @ PHI,L,240,91,-6
POR,11/27/2019,POR vs. OKC,W,240,136,17
PHX,11/27/2019,PHX vs. WAS,L,241,132,-8
PHI,11/27/2019,PHI vs. SAC,W,238,97,6
ORL,11/27/2019,ORL @ CLE,W,241,116,12
OKC,11/27/2019,OKC @ POR,L,240,119,-17
NYK,11/27/2019,NYK @ TOR,L,243,98,-28
NOP,11/27/2019,NOP vs. LAL,L,239,110,-4
MIN,11/27/2019,MIN @ SAS,W,242,113,12
MIL,11/27/2019,MIL vs. ATL,W,240,111,9
MIA,11/27/2019,MIA @ HOU,L,240,108,-9
MEM,11/27/2019,MEM vs. LAC,L,239,119,-2
LAL,11/27/2019,LAL @ NOP,W,240,114,4
LAC,11/27/2019,LAC @ MEM,W,241,121,2
IND,11/27/2019,IND vs. UTA,W,241,121,19
HOU,11/27/2019,HOU vs. MIA,W,239,117,9
GSW,11/27/2019,GSW vs. CHI,W,240,104,14
DET,11/27/2019,DET @ CHA,L,241,101,-1
CLE,11/27/2019,CLE vs. ORL,L,240,104,-12
CHI,11/27/2019,CHI @ GSW,L,240,90,-14
CHA,11/27/2019,CHA vs. DET,W,239,102,1
BOS,11/27/2019,BOS vs. BKN,W,239,121,11
BKN,11/27/2019,BKN @ BOS,L,240,110,-11
ATL,11/27/2019,ATL @ MIL,L,239,102,-9
WAS,11/29/2019,WAS @ LAL,L,239,103,-22
UTA,11/29/2019,UTA @ MEM,W,240,103,9
TOR,11/29/2019,TOR @ ORL,W,241,90,7
SAS,11/29/2019,SAS vs. LAC,W,240,107,10
POR,11/29/2019,POR vs. CHI,W,241,107,4
PHX,11/29/2019,PHX vs. DAL,L,240,113,-7
PHI,11/29/2019,PHI @ NYK,W,241,101,6
ORL,11/29/2019,ORL vs. TOR,L,239,83,-7
OKC,11/29/2019,OKC vs. NOP,W,239,109,5
NYK,11/29/2019,NYK vs. PHI,L,240,95,-6
NOP,11/29/2019,NOP @ OKC,L,239,104,-5
MIL,11/29/2019,MIL @ CLE,W,239,119,9
MIA,11/29/2019,MIA vs. GSW,W,241,122,17
MEM,11/29/2019,MEM vs. UTA,L,238,94,-9
LAL,11/29/2019,LAL vs. WAS,W,240,125,22
LAC,11/29/2019,LAC @ SAS,L,242,97,-10
IND,11/29/2019,IND vs. ATL,W,264,105,1
GSW,11/29/2019,GSW @ MIA,L,239,105,-17
DET,11/29/2019,DET vs. CHA,L,240,107,-3
DAL,11/29/2019,DAL @ PHX,W,240,120,7
CLE,11/29/2019,CLE vs. MIL,L,241,110,-9
CHI,11/29/2019,CHI @ POR,L,239,103,-4
CHA,11/29/2019,CHA @ DET,W,241,110,3
BOS,11/29/2019,BOS @ BKN,L,242,107,-5
BKN,11/29/2019,BKN vs. BOS,W,240,112,5
ATL,11/29/2019,ATL @ IND,L,266,104,-1
SAC,11/30/2019,SAC vs. DEN,W,265,100,3
PHI,11/30/2019,PHI vs. IND,W,240,119,3
MIL,11/30/2019,MIL vs. CHA,W,241,137,41
IND,11/30/2019,IND @ PHI,L,240,116,-3
HOU,11/30/2019,HOU vs. ATL,W,241,158,47
DEN,11/30/2019,DEN @ SAC,L,265,97,-3
CHA,11/30/2019,CHA @ MIL,L,241,96,-41
ATL,11/30/2019,ATL @ HOU,L,239,111,-47
WAS,12/01/2019,WAS @ LAC,L,240,125,-25
UTA,12/01/2019,UTA @ TOR,L,241,110,-20
TOR,12/01/2019,TOR vs. UTA,W,242,130,20
SAS,12/01/2019,SAS @ DET,L,240,98,-34
ORL,12/01/2019,ORL vs. GSW,W,239,100,4
OKC,12/01/2019,OKC @ NOP,W,238,107,3
NYK,12/01/2019,NYK vs. BOS,L,242,104,-9
NOP,12/01/2019,NOP vs. OKC,L,239,104,-3
MIN,12/01/2019,MIN vs. MEM,L,241,107,-8
MIA,12/01/2019,MIA @ BKN,W,240,109,3
MEM,12/01/2019,MEM @ MIN,W,240,115,8
LAL,12/01/2019,LAL vs. DAL,L,239,100,-14
LAC,12/01/2019,LAC vs. WAS,W,240,150,25
GSW,12/01/2019,GSW @ ORL,L,240,96,-4
DET,12/01/2019,DET vs. SAS,W,242,132,34
DAL,12/01/2019,DAL @ LAL,W,241,114,14
BOS,12/01/2019,BOS @ NYK,W,239,113,9
BKN,12/01/2019,BKN vs. MIA,L,240,106,-3
UTA,12/02/2019,UTA @ PHI,L,241,94,-9
SAC,12/02/2019,SAC vs. CHI,L,239,106,-7
PHX,12/02/2019,PHX @ CHA,W,240,109,5
PHI,12/02/2019,PHI vs. UTA,W,241,103,9
NYK,12/02/2019,NYK @ MIL,L,240,88,-44
MIL,12/02/2019,MIL vs. NYK,W,240,132,44
MEM,12/02/2019,MEM vs. IND,L,240,104,-13
IND,12/02/2019,IND @ MEM,W,240,117,13
GSW,12/02/2019,GSW @ ATL,L,241,79,-25
CHI,12/02/2019,CHI @ SAC,W,240,113,7
CHA,12/02/2019,CHA vs. PHX,L,240,104,-5
ATL,12/02/2019,ATL vs. GSW,W,241,104,25
WAS,12/03/2019,WAS vs. ORL,L,240,120,-7
TOR,12/03/2019,TOR vs. MIA,L,265,110,-11
SAS,12/03/2019,SAS vs. HOU,W,291,135,2
POR,12/03/2019,POR @ LAC,L,241,97,-20
ORL,12/03/2019,ORL @ WAS,W,239,127,7
NOP,12/03/2019,NOP vs. DAL,L,241,97,-21
MIA,12/03/2019,MIA @ TOR,W,265,121,11
LAL,12/03/2019,LAL @ DEN,W,240,105,9
LAC,12/03/2019,LAC vs. POR,W,239,117,20
HOU,12/03/2019,HOU @ SAS,L,290,133,-2
DET,12/03/2019,DET @ CLE,W,241,127,33
DEN,12/03/2019,DEN vs. LAL,L,239,96,-9
DAL,12/03/2019,DAL @ NOP,W,239,118,21
CLE,12/03/2019,CLE vs. DET,L,240,94,-33
UTA,12/04/2019,UTA vs. LAL,L,240,96,-25
SAC,12/04/2019,SAC @ POR,L,240,116,-11
POR,12/04/2019,POR vs. SAC,W,240,127,11
PHX,12/04/2019,PHX @ ORL,L,240,114,-14
ORL,12/04/2019,ORL vs. PHX,W,242,128,14
OKC,12/04/2019,OKC vs. IND,L,239,100,-7
MIN,12/04/2019,MIN @ DAL,L,241,114,-7
MIL,12/04/2019,MIL @ DET,W,240,127,24
MIA,12/04/2019,MIA @ BOS,L,239,93,-19
MEM,12/04/2019,MEM @ CHI,L,242,99,-7
LAL,12/04/2019,LAL @ UTA,W,241,121,25
IND,12/04/2019,IND @ OKC,W,239,107,7
GSW,12/04/2019,GSW @ CHA,L,240,91,-15
DET,12/04/2019,DET vs. MIL,L,241,103,-24
DAL,12/04/2019,DAL vs. MIN,W,240,121,7
CHI,12/04/2019,CHI vs. MEM,W,241,106,7
CHA,12/04/2019,CHA vs. GSW,W,241,106,15
BOS,12/04/2019,BOS vs. MIA,W,238,112,19
BKN,12/04/2019,BKN @ ATL,W,240,130,12
ATL,12/04/2019,ATL vs. BKN,L,239,118,-12
WAS,12/05/2019,WAS vs. PHI,W,240,119,6
TOR,12/05/2019,TOR vs. HOU,L,239,109,-10
PHX,12/05/2019,PHX @ NOP,W,265,139,7
PHI,12/05/2019,PHI @ WAS,L,241,113,-6
NYK,12/05/2019,NYK vs. DEN,L,240,92,-37
NOP,12/05/2019,NOP vs. PHX,L,264,132,-7
HOU,12/05/2019,HOU @ TOR,W,240,119,10
DEN,12/05/2019,DEN @ NYK,W,241,129,37
WAS,12/06/2019,WAS @ MIA,L,241,103,-9
SAS,12/06/2019,SAS vs. SAC,W,265,105,1
SAC,12/06/2019,SAC @ SAS,L,265,104,-1
POR,12/06/2019,POR vs. LAL,L,242,113,-23
ORL,12/06/2019,ORL @ CLE,W,240,93,6
OKC,12/06/2019,OKC vs. MIN,W,265,139,12
MIN,12/06/2019,MIN @ OKC,L,264,127,-12
MIL,12/06/2019,MIL vs. LAC,W,240,119,28
MIA,12/06/2019,MIA vs. WAS,W,241,112,9
LAL,12/06/2019,LAL @ POR,W,240,136,23
LAC,12/06/2019,LAC @ MIL,L,240,91,-28
IND,12/06/2019,IND @ DET,L,240,101,-7
GSW,12/06/2019,GSW @ CHI,W,240,100,2
DET,12/06/2019,DET vs. IND,W,241,108,7
DEN,12/06/2019,DEN @ BOS,L,241,95,-13
CLE,12/06/2019,CLE vs. ORL,L,240,87,-6
CHI,12/06/2019,CHI vs. GSW,L,240,98,-2
CHA,12/06/2019,CHA vs. BKN,L,242,104,-7
BOS,12/06/2019,BOS vs. DEN,W,242,108,13
BKN,12/06/2019,BKN @ CHA,W,240,111,7
UTA,12/07/2019,UTA vs. MEM,W,241,126,14
PHX,12/07/2019,PHX @ HOU,L,241,109,-6
PHI,12/07/2019,PHI vs. CLE,W,240,141,47
NYK,12/07/2019,NYK vs. IND,L,238,103,-1
NOP,12/07/2019,NOP @ DAL,L,239,84,-46
MEM,12/07/2019,MEM @ UTA,L,241,112,-14
IND,12/07/2019,IND @ NYK,W,239,104,1
HOU,12/07/2019,HOU vs. PHX,W,239,115,6
DAL,12/07/2019,DAL vs. NOP,W,241,130,46
CLE,12/07/2019,CLE @ PHI,L,240,94,-47
WAS,12/08/2019,WAS vs. LAC,L,240,119,-16
TOR,12/08/2019,TOR @ PHI,L,239,104,-6
SAC,12/08/2019,SAC @ DAL,W,241,110,4
POR,12/08/2019,POR vs. OKC,L,240,96,-12
PHI,12/08/2019,PHI vs. TOR,W,239,110,6
OKC,12/08/2019,OKC @ POR,W,239,108,12
MIN,12/08/2019,MIN @ LAL,L,240,125,-17
MIA,12/08/2019,MIA vs. CHI,W,265,110,5
LAL,12/08/2019,LAL vs. MIN,W,238,142,17
LAC,12/08/2019,LAC @ WAS,W,241,135,16
DEN,12/08/2019,DEN @ BKN,L,240,102,-3
DAL,12/08/2019,DAL vs. SAC,L,239,106,-4
CHI,12/08/2019,CHI @ MIA,L,266,105,-5
CHA,12/08/2019,CHA vs. ATL,L,242,107,-15
BKN,12/08/2019,BKN vs. DEN,W,241,105,3
ATL,12/08/2019,ATL @ CHA,W,241,122,15
UTA,12/09/2019,UTA vs. OKC,L,241,90,-14
TOR,12/09/2019,TOR @ CHI,W,241,93,1
SAC,12/09/2019,SAC @ HOU,W,239,119,1
PHX,12/09/2019,PHX vs. MIN,W,238,125,16
ORL,12/09/2019,ORL @ MIL,L,239,101,-9
OKC,12/09/2019,OKC @ UTA,W,239,104,14
NOP,12/09/2019,NOP vs. DET,L,239,103,-2
MIN,12/09/2019,MIN @ PHX,L,241,109,-16
MIL,12/09/2019,MIL vs. ORL,W,240,110,9
MEM,12/09/2019,MEM @ GSW,W,240,110,8
LAC,12/09/2019,LAC @ IND,W,241,110,11
IND,12/09/2019,IND vs. LAC,L,242,99,-11
HOU,12/09/2019,HOU vs. SAC,L,241,118,-1
GSW,12/09/2019,GSW vs. MEM,L,239,102,-8
DET,12/09/2019,DET @ NOP,W,240,105,2
CLE,12/09/2019,CLE @ BOS,L,243,88,-22
CHI,12/09/2019,CHI vs. TOR,L,241,92,-1
BOS,12/09/2019,BOS vs. CLE,W,239,110,22
WAS,12/10/2019,WAS @ CHA,L,240,107,-7
POR,12/10/2019,POR vs. NYK,W,239,115,28
PHI,12/10/2019,PHI vs. DEN,W,240,97,5
NYK,12/10/2019,NYK @ POR,L,240,87,-28
MIA,12/10/2019,MIA vs. ATL,W,267,135,14
DEN,12/10/2019,DEN @ PHI,L,240,92,-5
CHA,12/10/2019,CHA vs. WAS,W,241,114,7
ATL,12/10/2019,ATL @ MIA,L,264,121,-14
UTA,12/11/2019,UTA @ MIN,W,240,127,11
TOR,12/11/2019,TOR vs. LAC,L,240,92,-20
SAC,12/11/2019,SAC vs. OKC,W,238,94,1
PHX,12/11/2019,PHX vs. MEM,L,240,108,-7
ORL,12/11/2019,ORL vs. LAL,L,241,87,-9
OKC,12/11/2019,OKC @ SAC,L,240,93,-1
NYK,12/11/2019,NYK @ GSW,W,265,124,2
NOP,12/11/2019,NOP @ MIL,L,240,112,-15
MIN,12/11/2019,MIN vs. UTA,L,240,116,-11
MIL,12/11/2019,MIL vs. NOP,W,241,127,15
MEM,12/11/2019,MEM @ PHX,W,241,115,7
LAL,12/11/2019,LAL @ ORL,W,240,96,9
LAC,12/11/2019,LAC @ TOR,W,238,112,20
IND,12/11/2019,IND vs. BOS,W,240,122,5
HOU,12/11/2019,HOU @ CLE,W,241,116,6
GSW,12/11/2019,GSW vs. NYK,L,264,122,-2
CLE,12/11/2019,CLE vs. HOU,L,241,110,-6
CHI,12/11/2019,CHI vs. ATL,W,240,136,34
CHA,12/11/2019,CHA @ BKN,W,240,113,5
BOS,12/11/2019,BOS @ IND,L,241,117,-5
BKN,12/11/2019,BKN vs. CHA,L,239,108,-5
ATL,12/11/2019,ATL @ CHI,L,241,102,-34
SAS,12/12/2019,SAS vs. CLE,L,265,109,-8
POR,12/12/2019,POR @ DEN,L,241,99,-15
PHI,12/12/2019,PHI @ BOS,W,240,115,6
DET,12/12/2019,DET vs. DAL,L,241,111,-11
DEN,12/12/2019,DEN vs. POR,W,240,114,15
DAL,12/12/2019,DAL @ DET,W,241,122,11
CLE,12/12/2019,CLE @ SAS,W,266,117,8
BOS,12/12/2019,BOS vs. PHI,L,240,109,-6
UTA,12/13/2019,UTA vs. GSW,W,240,114,8
SAC,12/13/2019,SAC vs. NYK,L,240,101,-2
PHI,12/13/2019,PHI vs. NOP,W,242,116,7
ORL,12/13/2019,ORL vs. HOU,L,239,107,-23
NYK,12/13/2019,NYK @ SAC,W,240,103,2
NOP,12/13/2019,NOP @ PHI,L,241,109,-7
MIN,12/13/2019,MIN vs. LAC,L,240,117,-7
MIL,12/13/2019,MIL @ MEM,W,241,127,13
MIA,12/13/2019,MIA vs. LAL,L,239,110,-3
MEM,12/13/2019,MEM vs. MIL,L,240,114,-13
LAL,12/13/2019,LAL @ MIA,W,240,113,3
LAC,12/13/2019,LAC @ MIN,W,239,124,7
IND,12/13/2019,IND @ ATL,W,240,110,10
HOU,12/13/2019,HOU @ ORL,W,241,130,23
GSW,12/13/2019,GSW @ UTA,L,240,106,-8
CHI,12/13/2019,CHI vs. CHA,L,241,73,-10
CHA,12/13/2019,CHA @ CHI,W,240,83,10
ATL,12/13/2019,ATL vs. IND,L,239,100,-10
WAS,12/14/2019,WAS @ MEM,L,239,111,-17
TOR,12/14/2019,TOR vs. BKN,W,241,110,8
SAS,12/14/2019,SAS @ PHX,W,266,121,2
PHX,12/14/2019,PHX vs. SAS,L,266,119,-2
OKC,12/14/2019,OKC @ DEN,L,240,102,-8
MIL,12/14/2019,MIL vs. CLE,W,240,125,17
MIA,12/14/2019,MIA @ DAL,W,265,122,4
MEM,12/14/2019,MEM vs. WAS,W,239,128,17
LAC,12/14/2019,LAC @ CHI,L,240,106,-3
HOU,12/14/2019,HOU vs. DET,L,239,107,-8
DET,12/14/2019,DET @ HOU,W,239,115,8
DEN,12/14/2019,DEN vs. OKC,W,240,110,8
DAL,12/14/2019,DAL vs. MIA,L,265,118,-4
CLE,12/14/2019,CLE @ MIL,L,239,108,-17
CHI,12/14/2019,CHI vs. LAC,W,241,109,3
BKN,12/14/2019,BKN @ TOR,L,241,102,-8
SAC,12/15/2019,SAC @ GSW,W,239,100,21
PHI,12/15/2019,PHI @ BKN,L,241,89,-20
ORL,12/15/2019,ORL @ NOP,W,241,130,11
NYK,12/15/2019,NYK @ DEN,L,240,105,-6
NOP,12/15/2019,NOP vs. ORL,L,241,119,-11
LAL,12/15/2019,LAL @ ATL,W,240,101,5
IND,12/15/2019,IND vs. CHA,W,240,107,22
GSW,12/15/2019,GSW vs. SAC,L,240,79,-21
DEN,12/15/2019,DEN vs. NYK,W,241,111,6
CHA,12/15/2019,CHA @ IND,L,241,85,-22
BKN,12/15/2019,BKN vs. PHI,W,240,109,20
ATL,12/15/2019,ATL vs. LAL,L,238,96,-5
WAS,12/16/2019,WAS @ DET,W,242,133,14
TOR,12/16/2019,TOR vs. CLE,W,242,133,20
SAS,12/16/2019,SAS @ HOU,L,241,107,-2
POR,12/16/2019,POR @ PHX,W,239,111,1
PHX,12/16/2019,PHX vs. POR,L,240,110,-1
OKC,12/16/2019,OKC vs. CHI,W,240,109,3
MIL,12/16/2019,MIL vs. DAL,L,240,116,-4
MIA,12/16/2019,MIA @ MEM,L,240,111,-7
MEM,12/16/2019,MEM vs. MIA,W,241,118,7
HOU,12/16/2019,HOU vs. SAS,W,238,109,2
DET,12/16/2019,DET vs. WAS,L,242,119,-14
DAL,12/16/2019,DAL @ MIL,W,241,120,4
CLE,12/16/2019,CLE @ TOR,L,240,113,-20
CHI,12/16/2019,CHI @ OKC,L,239,106,-3
UTA,12/17/2019,UTA vs. ORL,W,241,109,7
SAC,12/17/2019,SAC @ CHA,L,239,102,-8
PHX,12/17/2019,PHX @ LAC,L,241,99,-21
ORL,12/17/2019,ORL @ UTA,L,240,102,-7
NYK,12/17/2019,NYK vs. ATL,W,242,143,23
NOP,12/17/2019,NOP vs. BKN,L,264,101,-7
LAL,12/17/2019,LAL @ IND,L,240,102,-3
LAC,12/17/2019,LAC vs. PHX,W,241,120,21
IND,12/17/2019,IND vs. LAL,W,240,105,3
CHA,12/17/2019,CHA vs. SAC,W,239,110,8
BKN,12/17/2019,BKN @ NOP,W,265,108,7
ATL,12/17/2019,ATL @ NYK,L,240,120,-23
WAS,12/18/2019,WAS vs. CHI,L,266,109,-1
TOR,12/18/2019,TOR @ DET,W,239,112,13
POR,12/18/2019,POR vs. GSW,W,239,122,10
PHI,12/18/2019,PHI vs. MIA,L,240,104,-4
ORL,12/18/2019,ORL @ DEN,L,238,104,-9
OKC,12/18/2019,OKC vs. MEM,W,240,126,4
NOP,12/18/2019,NOP @ MIN,W,241,107,8
MIN,12/18/2019,MIN vs. NOP,L,242,99,-8
MIA,12/18/2019,MIA @ PHI,W,241,108,4
MEM,12/18/2019,MEM @ OKC,L,240,122,-4
GSW,12/18/2019,GSW @ POR,L,240,112,-10
DET,12/18/2019,DET vs. TOR,L,239,99,-13
DEN,12/18/2019,DEN vs. ORL,W,241,113,9
DAL,12/18/2019,DAL vs. BOS,L,239,103,-6
CLE,12/18/2019,CLE vs. CHA,W,240,100,2
CHI,12/18/2019,CHI @ WAS,W,266,110,1
CHA,12/18/2019,CHA @ CLE,L,242,98,-2
BOS,12/18/2019,BOS @ DAL,W,240,109,6
UTA,12/19/2019,UTA @ ATL,W,239,111,5
SAS,12/19/2019,SAS vs. BKN,W,242,118,13
MIL,12/19/2019,MIL vs. LAL,W,241,111,7
LAL,12/19/2019,LAL @ MIL,L,241,104,-7
LAC,12/19/2019,LAC vs. HOU,L,240,117,-5
HOU,12/19/2019,HOU @ LAC,W,241,122,5
BKN,12/19/2019,BKN @ SAS,L,240,105,-13
ATL,12/19/2019,ATL vs. UTA,L,240,106,-5
WAS,12/20/2019,WAS @ TOR,L,241,118,-4
TOR,12/20/2019,TOR vs. WAS,W,242,122,4
SAC,12/20/2019,SAC @ IND,L,239,105,-14
POR,12/20/2019,POR vs. ORL,W,239,118,15
PHX,12/20/2019,PHX @ OKC,L,240,108,-18
PHI,12/20/2019,PHI vs. DAL,L,241,98,-19
ORL,12/20/2019,ORL @ POR,L,240,103,-15
OKC,12/20/2019,OKC vs. PHX,W,241,126,18
NYK,12/20/2019,NYK @ MIA,L,240,114,-15
NOP,12/20/2019,NOP @ GSW,L,240,102,-4
MIN,12/20/2019,MIN @ DEN,L,239,100,-9
MIA,12/20/2019,MIA vs. NYK,W,240,129,15
MEM,12/20/2019,MEM @ CLE,L,240,107,-7
IND,12/20/2019,IND vs. SAC,W,241,119,14
GSW,12/20/2019,GSW vs. NOP,W,242,106,4
DET,12/20/2019,DET @ BOS,L,241,93,-21
DEN,12/20/2019,DEN vs. MIN,W,240,109,9
DAL,12/20/2019,DAL @ PHI,W,240,117,19
CLE,12/20/2019,CLE vs. MEM,W,240,114,7
BOS,12/20/2019,BOS vs. DET,W,240,114,21
WAS,12/21/2019,WAS @ PHI,L,239,108,-17
UTA,12/21/2019,UTA @ CHA,W,241,114,7
SAS,12/21/2019,SAS vs. LAC,L,241,109,-25
SAC,12/21/2019,SAC @ MEM,L,241,115,-4
POR,12/21/2019,POR vs. MIN,W,240,113,7
PHX,12/21/2019,PHX vs. HOU,L,241,125,-14
PHI,12/21/2019,PHI vs. WAS,W,240,125,17
NYK,12/21/2019,NYK vs. MIL,L,240,102,-21
MIN,12/21/2019,MIN @ POR,L,241,106,-7
MIL,12/21/2019,MIL @ NYK,W,241,123,21
MEM,12/21/2019,MEM vs. SAC,W,242,119,4
LAC,12/21/2019,LAC @ SAS,W,240,134,25
HOU,12/21/2019,HOU @ PHX,W,240,139,14
DET,12/21/2019,DET vs. CHI,L,240,107,-12
CHI,12/21/2019,CHI @ DET,W,240,119,12
CHA,12/21/2019,CHA vs. UTA,L,241,107,-7
BKN,12/21/2019,BKN vs. ATL,W,240,122,10
ATL,12/21/2019,ATL @ BKN,L,240,112,-10
TOR,12/22/2019,TOR vs. DAL,W,242,110,3
OKC,12/22/2019,OKC vs. LAC,W,241,118,6
MIL,12/22/2019,MIL vs. IND,W,242,117,28
LAL,12/22/2019,LAL vs. DEN,L,240,104,-24
LAC,12/22/2019,LAC @ OKC,L,239,112,-6
IND,12/22/2019,IND @ MIL,L,240,89,-28
DEN,12/22/2019,DEN @ LAL,W,241,128,24
DAL,12/22/2019,DAL @ TOR,L,240,107,-3
CHA,12/22/2019,CHA @ BOS,L,240,93,-26
BOS,12/22/2019,BOS vs. CHA,W,239,119,26
WAS,12/23/2019,WAS @ NYK,W,240,121,6
UTA,12/23/2019,UTA @ MIA,L,240,104,-3
TOR,12/23/2019,TOR @ IND,L,266,115,-5
SAS,12/23/2019,SAS @ MEM,W,242,145,30
SAC,12/23/2019,SAC vs. HOU,L,240,104,-9
POR,12/23/2019,POR vs. NOP,L,240,94,-8
PHX,12/23/2019,PHX vs. DEN,L,240,111,-2
PHI,12/23/2019,PHI @ DET,W,240,125,16
ORL,12/23/2019,ORL vs. CHI,W,239,103,8
NYK,12/23/2019,NYK vs. WAS,L,241,115,-6
NOP,12/23/2019,NOP @ POR,W,239,102,8
MIN,12/23/2019,MIN @ GSW,L,240,104,-9
MIA,12/23/2019,MIA vs. UTA,W,240,107,3
MEM,12/23/2019,MEM vs. SAS,L,241,115,-30
IND,12/23/2019,IND vs. TOR,W,265,120,5
HOU,12/23/2019,HOU @ SAC,W,241,113,9
GSW,12/23/2019,GSW vs. MIN,W,239,113,9
DET,12/23/2019,DET vs. PHI,L,239,109,-16
DEN,12/23/2019,DEN @ PHX,W,239,113,2
CLE,12/23/2019,CLE vs. ATL,W,240,121,3
CHI,12/23/2019,CHI @ ORL,L,239,95,-8
ATL,12/23/2019,ATL @ CLE,L,239,118,-3
TOR,12/25/2019,TOR vs. BOS,L,240,102,-16
PHI,12/25/2019,PHI vs. MIL,W,239,121,12
NOP,12/25/2019,NOP @ DEN,W,240,112,12
MIL,12/25/2019,MIL @ PHI,L,239,109,-12
LAL,12/25/2019,LAL vs. LAC,L,238,106,-5
LAC,12/25/2019,LAC @ LAL,W,240,111,5
HOU,12/25/2019,HOU @ GSW,L,240,104,-12
GSW,12/25/2019,GSW vs. HOU,W,239,116,12
DEN,12/25/2019,DEN vs. NOP,L,240,100,-12
BOS,12/25/2019,BOS @ TOR,W,239,118,16
WAS,12/26/2019,WAS @ DET,L,240,102,-30
UTA,12/26/2019,UTA vs. POR,W,241,121,6
SAS,12/26/2019,SAS @ DAL,L,241,98,-4
SAC,12/26/2019,SAC vs. MIN,L,291,104,-1
POR,12/26/2019,POR @ UTA,L,240,115,-6
OKC,12/26/2019,OKC vs. MEM,L,240,97,-13
NYK,12/26/2019,NYK @ BKN,W,239,94,12
MIN,12/26/2019,MIN @ SAC,W,291,105,1
MEM,12/26/2019,MEM @ OKC,W,240,110,13
DET,12/26/2019,DET vs. WAS,W,242,132,30
DAL,12/26/2019,DAL vs. SAS,W,241,102,4
BKN,12/26/2019,BKN vs. NYK,L,241,82,-12
PHX,12/27/2019,PHX @ GSW,L,240,96,-9
PHI,12/27/2019,PHI @ ORL,L,240,97,-1
ORL,12/27/2019,ORL vs. PHI,W,240,98,1
OKC,12/27/2019,OKC @ CHA,W,265,104,2
MIL,12/27/2019,MIL @ ATL,W,239,112,26
MIA,12/27/2019,MIA vs. IND,W,239,113,1
IND,12/27/2019,IND @ MIA,L,239,112,-1
GSW,12/27/2019,GSW vs. PHX,W,239,105,9
CLE,12/27/2019,CLE @ BOS,L,240,117,-12
CHA,12/27/2019,CHA vs. OKC,L,265,102,-2
BOS,12/27/2019,BOS vs. CLE,W,241,129,12
ATL,12/27/2019,ATL vs. MIL,L,239,86,-26
WAS,12/28/2019,WAS vs. NYK,L,239,100,-7
UTA,12/28/2019,UTA @ LAC,W,241,120,13
TOR,12/28/2019,TOR @ BOS,W,240,113,16
SAS,12/28/2019,SAS vs. DET,W,240,136,27
SAC,12/28/2019,SAC vs. PHX,L,240,110,-2
POR,12/28/2019,POR vs. LAL,L,240,120,-8
PHX,12/28/2019,PHX @ SAC,W,241,112,2
PHI,12/28/2019,PHI @ MIA,L,263,116,-1
ORL,12/28/2019,ORL @ MIL,L,240,100,-11
NYK,12/28/2019,NYK @ WAS,W,240,107,7
NOP,12/28/2019,NOP vs. IND,W,240,120,22
MIN,12/28/2019,MIN vs. CLE,L,242,88,-6
MIL,12/28/2019,MIL vs. ORL,W,240,111,11
MIA,12/28/2019,MIA vs. PHI,W,266,117,1
MEM,12/28/2019,MEM @ DEN,L,241,110,-9
LAL,12/28/2019,LAL @ POR,W,241,128,8
LAC,12/28/2019,LAC vs. UTA,L,242,107,-13
IND,12/28/2019,IND @ NOP,L,240,98,-22
HOU,12/28/2019,HOU vs. BKN,W,240,108,10
GSW,12/28/2019,GSW vs. DAL,L,240,121,-20
DET,12/28/2019,DET @ SAS,L,239,109,-27
DEN,12/28/2019,DEN vs. MEM,W,241,119,9
DAL,12/28/2019,DAL @ GSW,W,240,141,20
CLE,12/28/2019,CLE @ MIN,W,240,94,6
CHI,12/28/2019,CHI vs. ATL,W,240,116,35
BOS,12/28/2019,BOS vs. TOR,L,240,97,-16
BKN,12/28/2019,BKN @ HOU,L,240,98,-10
ATL,12/28/2019,ATL @ CHI,L,239,81,-35
TOR,12/29/2019,TOR vs. OKC,L,241,97,-1
SAC,12/29/2019,SAC @ DEN,L,241,115,-5
OKC,12/29/2019,OKC @ TOR,W,241,98,1
NOP,12/29/2019,NOP vs. HOU,W,239,127,15
MEM,12/29/2019,MEM vs. CHA,W,238,117,13
LAL,12/29/2019,LAL vs. DAL,W,238,108,13
HOU,12/29/2019,HOU @ NOP,L,239,112,-15
DEN,12/29/2019,DEN vs. SAC,W,239,120,5
DAL,12/29/2019,DAL @ LAL,L,239,95,-13
CHA,12/29/2019,CHA @ MEM,L,239,104,-13
WAS,12/30/2019,WAS vs. MIA,W,240,123,18
UTA,12/30/2019,UTA vs. DET,W,241,104,23
POR,12/30/2019,POR vs. PHX,L,240,116,-6
PHX,12/30/2019,PHX @ POR,W,240,122,6
ORL,12/30/2019,ORL vs. ATL,L,241,93,-8
MIN,12/30/2019,MIN vs. BKN,W,264,122,7
MIL,12/30/2019,MIL @ CHI,W,240,123,21
MIA,12/30/2019,MIA @ WAS,L,241,105,-18
DET,12/30/2019,DET @ UTA,L,239,81,-23
CHI,12/30/2019,CHI vs. MIL,L,240,102,-21
BKN,12/30/2019,BKN @ MIN,L,265,115,-7
ATL,12/30/2019,ATL @ ORL,W,240,101,8
TOR,12/31/2019,TOR vs. CLE,W,241,117,20
SAS,12/31/2019,SAS vs. GSW,W,264,117,4
SAC,12/31/2019,SAC vs. LAC,L,241,87,-18
PHI,12/31/2019,PHI @ IND,L,240,97,-18
OKC,12/31/2019,OKC vs. DAL,W,240,106,5
LAC,12/31/2019,LAC @ SAC,W,240,105,18
IND,12/31/2019,IND vs. PHI,W,240,115,18
HOU,12/31/2019,HOU vs. DEN,W,241,130,26
GSW,12/31/2019,GSW @ SAS,L,266,113,-4
DEN,12/31/2019,DEN @ HOU,L,241,104,-26
DAL,12/31/2019,DAL @ OKC,L,238,101,-5
CLE,12/31/2019,CLE @ TOR,L,240,97,-20
CHA,12/31/2019,CHA vs. BOS,L,240,92,-17
BOS,12/31/2019,BOS @ CHA,W,240,109,17
WAS,01/01/2020,WAS vs. ORL,L,240,101,-21
POR,01/01/2020,POR @ NYK,L,239,93,-24
PHX,01/01/2020,PHX @ LAL,L,240,107,-10
ORL,01/01/2020,ORL @ WAS,W,239,122,21
NYK,01/01/2020,NYK vs. POR,W,239,117,24
MIN,01/01/2020,MIN @ MIL,L,240,104,-2
MIL,01/01/2020,MIL vs. MIN,W,240,106,2
LAL,01/01/2020,LAL vs. PHX,W,239,117,10
UTA,01/02/2020,UTA @ CHI,W,240,102,4
TOR,01/02/2020,TOR @ MIA,L,240,76,-8
SAS,01/02/2020,SAS vs. OKC,L,239,103,-6
SAC,01/02/2020,SAC vs. MEM,W,240,128,5
OKC,01/02/2020,OKC @ SAS,W,240,109,6
MIN,01/02/2020,MIN vs. GSW,W,239,99,15
MIA,01/02/2020,MIA vs. TOR,W,238,84,8
MEM,01/02/2020,MEM @ SAC,L,241,123,-5
LAC,01/02/2020,LAC vs. DET,W,241,126,14
IND,01/02/2020,IND vs. DEN,L,240,116,-8
GSW,01/02/2020,GSW @ MIN,L,238,84,-15
DET,01/02/2020,DET @ LAC,L,241,112,-14
DEN,01/02/2020,DEN @ IND,W,240,124,8
DAL,01/02/2020,DAL vs. BKN,W,241,123,12
CLE,01/02/2020,CLE vs. CHA,L,239,106,-3
CHI,01/02/2020,CHI vs. UTA,L,241,98,-4
CHA,01/02/2020,CHA @ CLE,W,240,109,3
BKN,01/02/2020,BKN @ DAL,L,240,111,-12
WAS,01/03/2020,WAS vs. POR,L,239,103,-19
POR,01/03/2020,POR @ WAS,W,242,122,19
PHX,01/03/2020,PHX vs. NYK,W,240,120,8
PHI,01/03/2020,PHI @ HOU,L,241,108,-10
ORL,01/03/2020,ORL vs. MIA,W,241,105,20
NYK,01/03/2020,NYK @ PHX,L,241,112,-8
NOP,01/03/2020,NOP @ LAL,L,239,113,-10
MIA,01/03/2020,MIA @ ORL,L,242,85,-20
LAL,01/03/2020,LAL vs. NOP,W,239,123,10
HOU,01/03/2020,HOU vs. PHI,W,240,118,10
BOS,01/03/2020,BOS vs. ATL,W,240,109,3
ATL,01/03/2020,ATL @ BOS,L,239,106,-3
WAS,01/04/2020,WAS vs. DEN,W,241,128,14
UTA,01/04/2020,UTA @ ORL,W,241,109,13
TOR,01/04/2020,TOR @ BKN,W,240,121,19
SAS,01/04/2020,SAS @ MIL,L,241,118,-9
SAC,01/04/2020,SAC vs. NOP,L,241,115,-2
ORL,01/04/2020,ORL vs. UTA,L,242,96,-13
OKC,01/04/2020,OKC @ CLE,W,239,121,15
NOP,01/04/2020,NOP @ SAC,W,239,117,2
MIL,01/04/2020,MIL vs. SAS,W,239,127,9
MEM,01/04/2020,MEM @ LAC,W,240,140,26
LAC,01/04/2020,LAC vs. MEM,L,238,114,-26
IND,01/04/2020,IND @ ATL,L,239,111,-5
GSW,01/04/2020,GSW vs. DET,L,240,104,-7
DET,01/04/2020,DET @ GSW,W,239,111,7
DEN,01/04/2020,DEN @ WAS,L,240,114,-14
DAL,01/04/2020,DAL vs. CHA,L,266,120,-3
CLE,01/04/2020,CLE vs. OKC,L,240,106,-15
CHI,01/04/2020,CHI vs. BOS,L,240,104,-7
CHA,01/04/2020,CHA @ DAL,W,266,123,3
BOS,01/04/2020,BOS @ CHI,W,240,111,7
BKN,01/04/2020,BKN vs. TOR,L,240,102,-19
ATL,01/04/2020,ATL vs. IND,W,240,116,5
POR,01/05/2020,POR @ MIA,L,240,111,-11
PHX,01/05/2020,PHX vs. MEM,L,239,114,-7
NYK,01/05/2020,NYK @ LAC,L,241,132,-3
MIN,01/05/2020,MIN @ CLE,W,240,118,15
MIA,01/05/2020,MIA vs. POR,W,241,122,11
MEM,01/05/2020,MEM @ PHX,W,241,121,7
LAL,01/05/2020,LAL vs. DET,W,239,106,7
LAC,01/05/2020,LAC vs. NYK,W,240,135,3
DET,01/05/2020,DET @ LAL,L,241,99,-7
CLE,01/05/2020,CLE vs. MIN,L,239,103,-15
WAS,01/06/2020,WAS vs. BOS,W,240,99,5
UTA,01/06/2020,UTA @ NOP,W,240,128,2
SAS,01/06/2020,SAS vs. MIL,W,242,126,22
SAC,01/06/2020,SAC vs. GSW,W,239,111,13
PHI,01/06/2020,PHI vs. OKC,W,241,120,7
ORL,01/06/2020,ORL vs. BKN,W,239,101,12
OKC,01/06/2020,OKC @ PHI,L,239,113,-7
NOP,01/06/2020,NOP vs. UTA,L,239,126,-2
MIL,01/06/2020,MIL @ SAS,L,241,104,-22
IND,01/06/2020,IND @ CHA,W,241,115,11
GSW,01/06/2020,GSW @ SAC,L,240,98,-13
DEN,01/06/2020,DEN @ ATL,W,240,123,8
DAL,01/06/2020,DAL vs. CHI,W,240,118,8
CHI,01/06/2020,CHI @ DAL,L,241,110,-8
CHA,01/06/2020,CHA vs. IND,L,240,104,-11
BOS,01/06/2020,BOS @ WAS,L,240,94,-5
BKN,01/06/2020,BKN @ ORL,L,241,89,-12
ATL,01/06/2020,ATL vs. DEN,L,239,115,-8
TOR,01/07/2020,TOR vs. POR,L,240,99,-2
SAC,01/07/2020,SAC @ PHX,W,239,114,11
POR,01/07/2020,POR @ TOR,W,240,101,2
PHX,01/07/2020,PHX vs. SAC,L,239,103,-11
OKC,01/07/2020,OKC @ BKN,W,266,111,8
NYK,01/07/2020,NYK @ LAL,L,241,87,-30
MIN,01/07/2020,MIN @ MEM,L,241,112,-7
MEM,01/07/2020,MEM vs. MIN,W,240,119,7
LAL,01/07/2020,LAL vs. NYK,W,239,117,30
DET,01/07/2020,DET @ CLE,W,240,115,2
CLE,01/07/2020,CLE vs. DET,L,240,113,-2
BKN,01/07/2020,BKN vs. OKC,L,264,103,-8
WAS,01/08/2020,WAS @ ORL,L,240,89,-34
UTA,01/08/2020,UTA vs. NYK,W,240,128,24
TOR,01/08/2020,TOR @ CHA,W,266,112,2
SAS,01/08/2020,SAS @ BOS,W,239,129,15
ORL,01/08/2020,ORL vs. WAS,W,242,123,34
NYK,01/08/2020,NYK @ UTA,L,240,104,-24
NOP,01/08/2020,NOP vs. CHI,W,239,123,15
MIL,01/08/2020,MIL @ GSW,W,241,107,9
MIA,01/08/2020,MIA @ IND,W,240,122,14
IND,01/08/2020,IND vs. MIA,L,239,108,-14
HOU,01/08/2020,HOU @ ATL,W,240,122,7
GSW,01/08/2020,GSW vs. MIL,L,239,98,-9
DEN,01/08/2020,DEN @ DAL,W,240,107,1
DAL,01/08/2020,DAL vs. DEN,L,238,106,-1
CHI,01/08/2020,CHI @ NOP,L,241,108,-15
CHA,01/08/2020,CHA vs. TOR,L,265,110,-2
BOS,01/08/2020,BOS vs. SAS,L,240,114,-15
ATL,01/08/2020,ATL vs. HOU,L,241,115,-7
POR,01/09/2020,POR @ MIN,L,242,102,-14
PHI,01/09/2020,PHI vs. BOS,W,241,109,11
OKC,01/09/2020,OKC vs. HOU,W,241,113,21
MIN,01/09/2020,MIN vs. POR,W,241,116,14
HOU,01/09/2020,HOU @ OKC,L,241,92,-21
DET,01/09/2020,DET vs. CLE,L,265,112,-3
CLE,01/09/2020,CLE @ DET,W,264,115,3
BOS,01/09/2020,BOS @ PHI,L,242,98,-11
WAS,01/10/2020,WAS vs. ATL,W,240,111,10
UTA,01/10/2020,UTA vs. CHA,W,239,109,17
SAS,01/10/2020,SAS @ MEM,L,241,121,-13
SAC,01/10/2020,SAC vs. MIL,L,241,106,-21
PHX,01/10/2020,PHX vs. ORL,W,240,98,4
ORL,01/10/2020,ORL @ PHX,L,240,94,-4
NYK,01/10/2020,NYK vs. NOP,L,241,111,-12
NOP,01/10/2020,NOP @ NYK,W,240,123,12
MIL,01/10/2020,MIL @ SAC,W,241,127,21
MIA,01/10/2020,MIA @ BKN,L,239,113,-4
MEM,01/10/2020,MEM vs. SAS,W,241,134,13
LAL,01/10/2020,LAL @ DAL,W,238,129,15
LAC,01/10/2020,LAC vs. GSW,W,241,109,9
IND,01/10/2020,IND @ CHI,W,240,116,11
GSW,01/10/2020,GSW @ LAC,L,241,100,-9
DAL,01/10/2020,DAL vs. LAL,L,240,114,-15
CHI,01/10/2020,CHI vs. IND,L,240,105,-11
CHA,01/10/2020,CHA @ UTA,L,239,92,-17
BKN,01/10/2020,BKN vs. MIA,W,241,117,4
ATL,01/10/2020,ATL @ WAS,L,239,101,-10
POR,01/11/2020,POR vs. MIL,L,241,101,-21
PHI,01/11/2020,PHI @ DAL,L,240,91,-18
OKC,01/11/2020,OKC vs. LAL,L,241,110,-15
NOP,01/11/2020,NOP @ BOS,L,241,105,-35
MIN,01/11/2020,MIN @ HOU,L,241,109,-30
MIL,01/11/2020,MIL @ POR,W,241,122,21
LAL,01/11/2020,LAL @ OKC,W,239,125,15
HOU,01/11/2020,HOU vs. MIN,W,241,139,30
DET,01/11/2020,DET vs. CHI,L,241,99,-9
DEN,01/11/2020,DEN vs. CLE,L,241,103,-8
DAL,01/11/2020,DAL vs. PHI,W,241,109,18
CLE,01/11/2020,CLE @ DEN,W,240,111,8
CHI,01/11/2020,CHI @ DET,W,240,108,9
BOS,01/11/2020,BOS vs. NOP,W,238,140,35
WAS,01/12/2020,WAS vs. UTA,L,240,116,-11
UTA,01/12/2020,UTA @ WAS,W,239,127,11
TOR,01/12/2020,TOR vs. SAS,L,239,104,-1
SAS,01/12/2020,SAS @ TOR,W,242,105,1
PHX,01/12/2020,PHX vs. CHA,W,240,100,8
NYK,01/12/2020,NYK vs. MIA,W,240,124,3
MIA,01/12/2020,MIA @ NYK,L,241,121,-3
MEM,01/12/2020,MEM vs. GSW,W,240,122,20
LAC,01/12/2020,LAC @ DEN,L,240,104,-10
GSW,01/12/2020,GSW @ MEM,L,241,102,-20
DEN,01/12/2020,DEN vs. LAC,W,239,114,10
CHA,01/12/2020,CHA @ PHX,L,240,92,-8
BKN,01/12/2020,BKN vs. ATL,W,239,108,22
ATL,01/12/2020,ATL @ BKN,L,238,86,-22
SAC,01/13/2020,SAC vs. ORL,L,239,112,-2
POR,01/13/2020,POR vs. CHA,W,241,115,3
PHI,01/13/2020,PHI @ IND,L,240,95,-6
ORL,01/13/2020,ORL @ SAC,W,241,114,2
OKC,01/13/2020,OKC @ MIN,W,239,117,13
NOP,01/13/2020,NOP @ DET,W,266,117,7
MIN,01/13/2020,MIN vs. OKC,L,240,104,-13
LAL,01/13/2020,LAL vs. CLE,W,240,128,29
IND,01/13/2020,IND vs. PHI,W,240,101,6
DET,01/13/2020,DET vs. NOP,L,265,110,-7
CLE,01/13/2020,CLE @ LAL,L,239,99,-29
CHI,01/13/2020,CHI @ BOS,L,238,101,-12
CHA,01/13/2020,CHA @ POR,L,241,112,-3
BOS,01/13/2020,BOS vs. CHI,W,239,113,12
UTA,01/14/2020,UTA @ BKN,W,240,118,11
PHX,01/14/2020,PHX @ ATL,L,242,110,-13
NYK,01/14/2020,NYK @ MIL,L,239,102,-26
MIL,01/14/2020,MIL vs. NYK,W,238,128,26
MEM,01/14/2020,MEM vs. HOU,W,239,121,11
LAC,01/14/2020,LAC vs. CLE,W,242,128,25
HOU,01/14/2020,HOU @ MEM,L,239,110,-11
GSW,01/14/2020,GSW vs. DAL,L,239,97,-27
DAL,01/14/2020,DAL @ GSW,W,238,124,27
CLE,01/14/2020,CLE @ LAC,L,241,103,-25
BKN,01/14/2020,BKN vs. UTA,L,240,107,-11
ATL,01/14/2020,ATL vs. PHX,W,240,123,13
WAS,01/15/2020,WAS @ CHI,L,239,106,-9
TOR,01/15/2020,TOR @ OKC,W,240,130,9
SAS,01/15/2020,SAS @ MIA,L,241,100,-6
SAC,01/15/2020,SAC vs. DAL,L,241,123,-4
POR,01/15/2020,POR @ HOU,W,240,117,10
PHI,01/15/2020,PHI vs. BKN,W,240,117,11
ORL,01/15/2020,ORL @ LAL,W,241,119,1
OKC,01/15/2020,OKC vs. TOR,L,242,121,-9
MIN,01/15/2020,MIN vs. IND,L,239,99,-5
MIA,01/15/2020,MIA vs. SAS,W,241,106,6
LAL,01/15/2020,LAL vs. ORL,L,240,118,-1
IND,01/15/2020,IND @ MIN,W,240,104,5
HOU,01/15/2020,HOU vs. POR,L,240,107,-10
DET,01/15/2020,DET @ BOS,W,242,116,13
DEN,01/15/2020,DEN vs. CHA,W,241,100,14
DAL,01/15/2020,DAL @ SAC,W,240,127,4
CHI,01/15/2020,CHI vs. WAS,W,240,115,9
CHA,01/15/2020,CHA @ DEN,L,240,86,-14
BOS,01/15/2020,BOS vs. DET,L,240,103,-13
BKN,01/15/2020,BKN @ PHI,L,240,106,-11
UTA,01/16/2020,UTA @ NOP,L,264,132,-6
PHX,01/16/2020,PHX @ NYK,W,239,121,23
ORL,01/16/2020,ORL @ LAC,L,243,95,-27
NYK,01/16/2020,NYK vs. PHX,L,240,98,-23
NOP,01/16/2020,NOP vs. UTA,W,265,138,6
MIL,01/16/2020,MIL vs. BOS,W,240,128,5
LAC,01/16/2020,LAC vs. ORL,W,241,122,27
GSW,01/16/2020,GSW vs. DEN,L,265,131,-3
DEN,01/16/2020,DEN @ GSW,W,264,134,3
BOS,01/16/2020,BOS @ MIL,L,240,123,-5
WAS,01/17/2020,WAS @ TOR,L,239,111,-29
TOR,01/17/2020,TOR vs. WAS,W,243,140,29
SAS,01/17/2020,SAS vs. ATL,L,241,120,-1
POR,01/17/2020,POR @ DAL,L,240,112,-8
PHI,01/17/2020,PHI vs. CHI,W,239,100,11
OKC,01/17/2020,OKC vs. MIA,L,239,108,-7
MIN,01/17/2020,MIN @ IND,L,240,114,-2
MIA,01/17/2020,MIA @ OKC,W,241,115,7
MEM,01/17/2020,MEM vs. CLE,W,238,113,4
IND,01/17/2020,IND vs. MIN,W,240,116,2
DAL,01/17/2020,DAL vs. POR,W,241,120,8
CLE,01/17/2020,CLE @ MEM,L,240,109,-4
CHI,01/17/2020,CHI @ PHI,L,240,89,-11
ATL,01/17/2020,ATL @ SAS,W,239,121,1
UTA,01/18/2020,UTA vs. SAC,W,241,123,22
TOR,01/18/2020,TOR @ MIN,W,240,122,10
SAC,01/18/2020,SAC @ UTA,L,240,101,-22
POR,01/18/2020,POR @ OKC,L,240,106,-13
PHX,01/18/2020,PHX @ BOS,W,239,123,4
PHI,01/18/2020,PHI @ NYK,W,240,90,3
ORL,01/18/2020,ORL @ GSW,L,239,95,-14
OKC,01/18/2020,OKC vs. POR,W,241,119,13
NYK,01/18/2020,NYK vs. PHI,L,241,87,-3
NOP,01/18/2020,NOP vs. LAC,L,241,130,-3
MIN,01/18/2020,MIN vs. TOR,L,240,112,-10
MIL,01/18/2020,MIL @ BKN,W,240,117,20
LAL,01/18/2020,LAL @ HOU,W,240,124,9
LAC,01/18/2020,LAC @ NOP,W,241,133,3
HOU,01/18/2020,HOU vs. LAL,L,241,115,-9
GSW,01/18/2020,GSW vs. ORL,W,241,109,14
DET,01/18/2020,DET @ ATL,W,240,136,33
CLE,01/18/2020,CLE @ CHI,L,240,116,-2
CHI,01/18/2020,CHI vs. CLE,W,240,118,2
BOS,01/18/2020,BOS vs. PHX,L,240,119,-4
BKN,01/18/2020,BKN vs. MIL,L,241,97,-20
ATL,01/18/2020,ATL vs. DET,L,241,103,-33
SAS,01/19/2020,SAS vs. MIA,W,241,107,5
MIA,01/19/2020,MIA @ SAS,L,240,102,-5
IND,01/19/2020,IND @ DEN,W,240,115,8
DEN,01/19/2020,DEN vs. IND,L,241,107,-8
WAS,01/20/2020,WAS vs. DET,W,238,106,6
UTA,01/20/2020,UTA vs. IND,W,240,118,30
TOR,01/20/2020,TOR @ ATL,W,239,122,5
SAS,01/20/2020,SAS @ PHX,W,241,120,2
SAC,01/20/2020,SAC @ MIA,L,266,113,-5
POR,01/20/2020,POR vs. GSW,W,265,129,5
PHX,01/20/2020,PHX vs. SAS,L,240,118,-2
PHI,01/20/2020,PHI @ BKN,W,241,117,6
ORL,01/20/2020,ORL @ CHA,W,240,106,23
OKC,01/20/2020,OKC @ HOU,W,240,112,5
NYK,01/20/2020,NYK @ CLE,W,240,106,20
NOP,01/20/2020,NOP @ MEM,W,240,126,10
MIN,01/20/2020,MIN vs. DEN,L,240,100,-7
MIL,01/20/2020,MIL vs. CHI,W,241,111,13
MIA,01/20/2020,MIA vs. SAC,W,265,118,5
MEM,01/20/2020,MEM vs. NOP,L,240,116,-10
LAL,01/20/2020,LAL @ BOS,L,241,107,-32
IND,01/20/2020,IND @ UTA,L,240,88,-30
HOU,01/20/2020,HOU vs. OKC,L,240,107,-5
GSW,01/20/2020,GSW @ POR,L,265,124,-5
DET,01/20/2020,DET @ WAS,L,239,100,-6
DEN,01/20/2020,DEN @ MIN,W,241,107,7
CLE,01/20/2020,CLE vs. NYK,L,240,86,-20
CHI,01/20/2020,CHI @ MIL,L,240,98,-13
CHA,01/20/2020,CHA vs. ORL,L,241,83,-23
BOS,01/20/2020,BOS vs. LAL,W,240,139,32
BKN,01/20/2020,BKN vs. PHI,L,240,111,-6
ATL,01/20/2020,ATL vs. TOR,L,240,117,-5
LAC,01/21/2020,LAC @ DAL,W,241,110,3
DAL,01/21/2020,DAL vs. LAC,L,239,107,-3
WAS,01/22/2020,WAS @ MIA,L,264,129,-5
UTA,01/22/2020,UTA @ GSW,W,239,129,33
TOR,01/22/2020,TOR vs. PHI,W,239,107,12
SAS,01/22/2020,SAS @ NOP,W,238,121,4
SAC,01/22/2020,SAC @ DET,L,241,106,-21
PHX,01/22/2020,PHX vs. IND,L,241,87,-25
PHI,01/22/2020,PHI @ TOR,L,241,95,-12
ORL,01/22/2020,ORL vs. OKC,L,241,114,-6
OKC,01/22/2020,OKC @ ORL,W,241,120,6
NYK,01/22/2020,NYK vs. LAL,L,240,92,-8
NOP,01/22/2020,NOP vs. SAS,L,240,117,-4
MIN,01/22/2020,MIN @ CHI,L,239,110,-7
MIA,01/22/2020,MIA vs. WAS,W,266,134,5
MEM,01/22/2020,MEM @ BOS,L,239,95,-24
LAL,01/22/2020,LAL @ NYK,W,239,100,8
LAC,01/22/2020,LAC @ ATL,L,240,95,-7
IND,01/22/2020,IND @ PHX,W,241,112,25
HOU,01/22/2020,HOU vs. DEN,W,240,121,16
GSW,01/22/2020,GSW vs. UTA,L,241,96,-33
DET,01/22/2020,DET vs. SAC,W,240,127,21
DEN,01/22/2020,DEN @ HOU,L,240,105,-16
CHI,01/22/2020,CHI vs. MIN,W,241,117,7
BOS,01/22/2020,BOS vs. MEM,W,240,119,24
ATL,01/22/2020,ATL vs. LAC,W,241,102,7
WAS,01/23/2020,WAS @ CLE,W,240,124,12
POR,01/23/2020,POR vs. DAL,L,239,125,-8
LAL,01/23/2020,LAL @ BKN,W,240,128,15
DAL,01/23/2020,DAL @ POR,W,240,133,8
CLE,01/23/2020,CLE vs. WAS,L,240,112,-12
BKN,01/23/2020,BKN vs. LAL,L,238,113,-15
TOR,01/24/2020,TOR @ NYK,W,240,118,6
SAS,01/24/2020,SAS vs. PHX,L,239,99,-4
SAC,01/24/2020,SAC @ CHI,W,240,98,17
PHX,01/24/2020,PHX @ SAS,W,241,103,4
ORL,01/24/2020,ORL vs. BOS,L,240,98,-11
OKC,01/24/2020,OKC vs. ATL,W,239,140,29
NYK,01/24/2020,NYK vs. TOR,L,240,112,-6
NOP,01/24/2020,NOP vs. DEN,L,240,106,-7
MIN,01/24/2020,MIN vs. HOU,L,240,124,-7
MIL,01/24/2020,MIL @ CHA,W,240,116,13
MIA,01/24/2020,MIA vs. LAC,L,240,117,-5
MEM,01/24/2020,MEM @ DET,W,240,125,13
LAC,01/24/2020,LAC @ MIA,W,240,122,5
IND,01/24/2020,IND @ GSW,W,242,129,11
HOU,01/24/2020,HOU @ MIN,W,241,131,7
GSW,01/24/2020,GSW vs. IND,L,241,118,-11
DET,01/24/2020,DET vs. MEM,L,240,112,-13
DEN,01/24/2020,DEN @ NOP,W,239,113,7
CHI,01/24/2020,CHI vs. SAC,L,240,81,-17
CHA,01/24/2020,CHA vs. MIL,L,240,103,-13
BOS,01/24/2020,BOS @ ORL,W,238,109,11
ATL,01/24/2020,ATL @ OKC,L,239,111,-29
UTA,01/25/2020,UTA vs. DAL,W,239,112,5
PHI,01/25/2020,PHI vs. LAL,W,241,108,17
OKC,01/25/2020,OKC @ MIN,W,239,113,9
MIN,01/25/2020,MIN vs. OKC,L,239,104,-9
LAL,01/25/2020,LAL @ PHI,L,241,91,-17
DET,01/25/2020,DET vs. BKN,L,265,111,-10
DAL,01/25/2020,DAL @ UTA,L,241,107,-5
CLE,01/25/2020,CLE vs. CHI,L,241,106,-12
CHI,01/25/2020,CHI @ CLE,W,240,118,12
BKN,01/25/2020,BKN @ DET,W,264,121,10
WAS,01/26/2020,WAS @ ATL,L,240,133,-19
TOR,01/26/2020,TOR @ SAS,W,240,110,4
SAS,01/26/2020,SAS vs. TOR,L,240,106,-4
POR,01/26/2020,POR vs. IND,W,240,139,10
PHX,01/26/2020,PHX @ MEM,L,241,109,-5
ORL,01/26/2020,ORL vs. LAC,L,239,97,-15
NYK,01/26/2020,NYK vs. BKN,W,239,110,13
NOP,01/26/2020,NOP vs. BOS,W,240,123,15
MEM,01/26/2020,MEM vs. PHX,W,240,114,5
LAC,01/26/2020,LAC @ ORL,W,240,112,15
IND,01/26/2020,IND @ POR,L,241,129,-10
HOU,01/26/2020,HOU @ DEN,L,239,110,-7
DEN,01/26/2020,DEN vs. HOU,W,240,117,7
BOS,01/26/2020,BOS @ NOP,L,240,108,-15
BKN,01/26/2020,BKN @ NYK,L,242,97,-13
ATL,01/26/2020,ATL vs. WAS,W,241,152,19
UTA,01/27/2020,UTA vs. HOU,L,239,117,-9
SAS,01/27/2020,SAS @ CHI,L,240,109,-1
SAC,01/27/2020,SAC @ MIN,W,265,133,4
ORL,01/27/2020,ORL @ MIA,L,242,92,-21
OKC,01/27/2020,OKC vs. DAL,L,242,97,-10
MIN,01/27/2020,MIN vs. SAC,L,264,129,-4
MIA,01/27/2020,MIA vs. ORL,W,239,113,21
HOU,01/27/2020,HOU @ UTA,W,240,126,9
DET,01/27/2020,DET vs. CLE,L,239,100,-15
DAL,01/27/2020,DAL @ OKC,W,239,107,10
CLE,01/27/2020,CLE @ DET,W,239,115,15
CHI,01/27/2020,CHI vs. SAS,W,240,110,1
WAS,01/28/2020,WAS @ MIL,L,241,131,-20
TOR,01/28/2020,TOR vs. ATL,W,240,130,16
PHX,01/28/2020,PHX @ DAL,W,241,133,29
PHI,01/28/2020,PHI vs. GSW,W,240,115,11
NYK,01/28/2020,NYK @ CHA,L,241,92,-5
NOP,01/28/2020,NOP @ CLE,W,241,125,14
MIL,01/28/2020,MIL vs. WAS,W,241,151,20
MIA,01/28/2020,MIA vs. BOS,L,238,101,-8
MEM,01/28/2020,MEM vs. DEN,W,240,104,8
GSW,01/28/2020,GSW @ PHI,L,239,104,-11
DEN,01/28/2020,DEN @ MEM,L,241,96,-8
DAL,01/28/2020,DAL vs. PHX,L,240,104,-29
CLE,01/28/2020,CLE vs. NOP,L,242,111,-14
CHA,01/28/2020,CHA vs. NYK,W,239,97,5
BOS,01/28/2020,BOS @ MIA,W,240,109,8
ATL,01/28/2020,ATL @ TOR,L,240,114,-16
UTA,01/29/2020,UTA @ SAS,L,241,120,-7
SAS,01/29/2020,SAS vs. UTA,W,239,127,7
SAC,01/29/2020,SAC vs. OKC,L,239,100,-20
POR,01/29/2020,POR vs. HOU,W,238,125,13
OKC,01/29/2020,OKC @ SAC,W,241,120,20
NYK,01/29/2020,NYK vs. MEM,L,240,106,-21
MEM,01/29/2020,MEM @ NYK,W,241,127,21
IND,01/29/2020,IND vs. CHI,W,265,115,9
HOU,01/29/2020,HOU @ POR,L,240,112,-13
DET,01/29/2020,DET @ BKN,L,240,115,-10
CHI,01/29/2020,CHI @ IND,L,266,106,-9
BKN,01/29/2020,BKN vs. DET,W,241,125,10
WAS,01/30/2020,WAS vs. CHA,W,241,121,14
UTA,01/30/2020,UTA @ DEN,L,240,100,-6
TOR,01/30/2020,TOR @ CLE,W,240,115,6
SAC,01/30/2020,SAC @ LAC,W,240,124,21
PHI,01/30/2020,PHI @ ATL,L,239,117,-10
LAC,01/30/2020,LAC vs. SAC,L,239,103,-21
GSW,01/30/2020,GSW @ BOS,L,239,104,-15
DEN,01/30/2020,DEN vs. UTA,W,240,106,6
CLE,01/30/2020,CLE vs. TOR,L,241,109,-6
CHA,01/30/2020,CHA @ WAS,L,239,107,-14
BOS,01/30/2020,BOS vs. GSW,W,241,119,15
ATL,01/30/2020,ATL vs. PHI,W,240,127,10
TOR,01/31/2020,TOR @ DET,W,243,105,13
POR,01/31/2020,POR @ LAL,W,240,127,8
PHX,01/31/2020,PHX vs. OKC,L,239,107,-4
OKC,01/31/2020,OKC @ PHX,W,240,111,4
NOP,01/31/2020,NOP vs. MEM,W,241,139,28
MIL,01/31/2020,MIL vs. DEN,L,240,115,-12
MEM,01/31/2020,MEM @ NOP,L,241,111,-28
LAL,01/31/2020,LAL vs. POR,L,239,119,-8
HOU,01/31/2020,HOU vs. DAL,W,239,128,7
DET,01/31/2020,DET vs. TOR,L,240,92,-13
DEN,01/31/2020,DEN @ MIL,W,239,127,12
DAL,01/31/2020,DAL @ HOU,L,241,121,-7
CHI,01/31/2020,CHI @ BKN,L,241,118,-15
BKN,01/31/2020,BKN vs. CHI,W,239,133,15
WAS,02/01/2020,WAS vs. BKN,W,240,113,6
UTA,02/01/2020,UTA @ POR,L,241,107,-17
SAS,02/01/2020,SAS vs. CHA,W,240,114,24
SAC,02/01/2020,SAC vs. LAL,L,241,113,-16
POR,02/01/2020,POR vs. UTA,W,240,124,17
PHI,02/01/2020,PHI @ BOS,L,239,95,-21
ORL,02/01/2020,ORL vs. MIA,L,241,89,-13
NYK,02/01/2020,NYK @ IND,W,241,92,7
MIN,02/01/2020,MIN @ LAC,L,241,106,-12
MIA,02/01/2020,MIA @ ORL,W,240,102,13
LAL,02/01/2020,LAL @ SAC,W,240,129,16
LAC,02/01/2020,LAC vs. MIN,W,238,118,12
IND,02/01/2020,IND vs. NYK,L,241,85,-7
GSW,02/01/2020,GSW @ CLE,W,242,131,19
DAL,02/01/2020,DAL vs. ATL,W,240,123,23
CLE,02/01/2020,CLE vs. GSW,L,240,112,-19
CHA,02/01/2020,CHA @ SAS,L,241,90,-24
BOS,02/01/2020,BOS vs. PHI,W,239,116,21
BKN,02/01/2020,BKN @ WAS,L,240,107,-6
ATL,02/01/2020,ATL @ DAL,L,238,100,-23
TOR,02/02/2020,TOR vs. CHI,W,240,129,27
PHX,02/02/2020,PHX @ MIL,L,240,108,-21
NOP,02/02/2020,NOP @ HOU,L,240,109,-8
MIL,02/02/2020,MIL vs. PHX,W,241,129,21
HOU,02/02/2020,HOU vs. NOP,W,241,117,8
DET,02/02/2020,DET vs. DEN,W,264,128,5
DEN,02/02/2020,DEN @ DET,L,265,123,-5
CHI,02/02/2020,CHI @ TOR,L,240,102,-27
WAS,02/03/2020,WAS vs. GSW,L,239,117,-8
SAS,02/03/2020,SAS @ LAC,L,240,105,-3
SAC,02/03/2020,SAC vs. MIN,W,239,113,4
PHX,02/03/2020,PHX @ BKN,L,242,97,-22
PHI,02/03/2020,PHI @ MIA,L,238,106,-31
ORL,02/03/2020,ORL @ CHA,W,241,112,12
NYK,02/03/2020,NYK @ CLE,W,264,139,5
MIN,02/03/2020,MIN @ SAC,L,239,109,-4
MIA,02/03/2020,MIA vs. PHI,W,239,137,31
MEM,02/03/2020,MEM vs. DET,W,241,96,14
LAC,02/03/2020,LAC vs. SAS,W,239,108,3
IND,02/03/2020,IND vs. DAL,L,240,103,-9
GSW,02/03/2020,GSW @ WAS,W,241,125,8
DET,02/03/2020,DET @ MEM,L,239,82,-14
DAL,02/03/2020,DAL @ IND,W,239,112,9
CLE,02/03/2020,CLE vs. NYK,L,264,134,-5
CHA,02/03/2020,CHA vs. ORL,L,240,100,-12
BOS,02/03/2020,BOS @ ATL,W,239,123,8
BKN,02/03/2020,BKN vs. PHX,W,240,119,22
ATL,02/03/2020,ATL vs. BOS,L,241,115,-8
SAS,02/04/2020,SAS @ LAL,L,239,102,-27
POR,02/04/2020,POR @ DEN,L,239,99,-28
NOP,02/04/2020,NOP vs. MIL,L,242,108,-12
MIL,02/04/2020,MIL @ NOP,W,240,120,12
LAL,02/04/2020,LAL vs. SAS,W,239,129,27
HOU,02/04/2020,HOU vs. CHA,W,240,125,15
DEN,02/04/2020,DEN vs. POR,W,241,127,28
CHA,02/04/2020,CHA @ HOU,L,240,110,-15
UTA,02/05/2020,UTA vs. DEN,L,239,95,-3
TOR,02/05/2020,TOR vs. IND,W,241,119,1
PHX,02/05/2020,PHX @ DET,L,239,108,-8
ORL,02/05/2020,ORL @ BOS,L,240,100,-16
OKC,02/05/2020,OKC vs. CLE,W,239,109,6
MIN,02/05/2020,MIN vs. ATL,L,240,120,-7
MIA,02/05/2020,MIA @ LAC,L,239,111,-17
MEM,02/05/2020,MEM @ DAL,W,240,121,14
LAC,02/05/2020,LAC vs. MIA,W,240,128,17
IND,02/05/2020,IND @ TOR,L,241,118,-1
GSW,02/05/2020,GSW @ BKN,L,241,88,-41
DET,02/05/2020,DET vs. PHX,W,240,116,8
DEN,02/05/2020,DEN @ UTA,W,241,98,3
DAL,02/05/2020,DAL vs. MEM,L,240,107,-14
CLE,02/05/2020,CLE @ OKC,L,242,103,-6
BOS,02/05/2020,BOS vs. ORL,W,240,116,16
BKN,02/05/2020,BKN vs. GSW,W,240,129,41
ATL,02/05/2020,ATL @ MIN,W,239,127,7
SAS,02/06/2020,SAS @ POR,L,240,117,-8
POR,02/06/2020,POR vs. SAS,W,239,125,8
PHI,02/06/2020,PHI @ MIL,L,239,101,-11
ORL,02/06/2020,ORL @ NYK,L,240,103,-2
NYK,02/06/2020,NYK vs. ORL,W,241,105,2
NOP,02/06/2020,NOP @ CHI,W,240,125,6
MIL,02/06/2020,MIL vs. PHI,W,240,112,11
LAL,02/06/2020,LAL vs. HOU,L,240,111,-10
HOU,02/06/2020,HOU @ LAL,W,239,121,10
CHI,02/06/2020,CHI vs. NOP,L,240,119,-6
WAS,02/07/2020,WAS vs. DAL,W,240,119,1
UTA,02/07/2020,UTA vs. POR,W,239,117,3
TOR,02/07/2020,TOR @ IND,W,240,115,9
SAC,02/07/2020,SAC vs. MIA,W,241,105,8
POR,02/07/2020,POR @ UTA,L,240,114,-3
PHX,02/07/2020,PHX vs. HOU,W,240,127,36
PHI,02/07/2020,PHI vs. MEM,W,242,119,12
OKC,02/07/2020,OKC vs. DET,W,240,108,7
MIA,02/07/2020,MIA @ SAC,L,241,97,-8
MEM,02/07/2020,MEM @ PHI,L,240,107,-12
IND,02/07/2020,IND vs. TOR,L,239,106,-9
HOU,02/07/2020,HOU @ PHX,L,241,91,-36
DET,02/07/2020,DET @ OKC,L,241,101,-7
DAL,02/07/2020,DAL @ WAS,L,239,118,-1
BOS,02/07/2020,BOS vs. ATL,W,240,112,5
ATL,02/07/2020,ATL @ BOS,L,240,107,-5
TOR,02/08/2020,TOR vs. BKN,W,240,119,1
SAS,02/08/2020,SAS @ SAC,L,242,102,-20
SAC,02/08/2020,SAC vs. SAS,W,240,122,20
PHX,02/08/2020,PHX vs. DEN,L,241,108,-9
ORL,02/08/2020,ORL vs. MIL,L,240,95,-16
NYK,02/08/2020,NYK @ DET,W,239,95,3
NOP,02/08/2020,NOP @ IND,W,241,124,7
MIN,02/08/2020,MIN vs. LAC,W,240,142,27
MIL,02/08/2020,MIL @ ORL,W,241,111,16
LAL,02/08/2020,LAL @ GSW,W,240,125,5
LAC,02/08/2020,LAC @ MIN,L,239,115,-27
IND,02/08/2020,IND vs. NOP,L,241,117,-7
GSW,02/08/2020,GSW vs. LAL,L,238,120,-5
DET,02/08/2020,DET vs. NYK,L,240,92,-3
DEN,02/08/2020,DEN @ PHX,W,240,117,9
DAL,02/08/2020,DAL @ CHA,W,240,116,16
CHA,02/08/2020,CHA vs. DAL,L,241,100,-16
BKN,02/08/2020,BKN @ TOR,L,239,118,-1
WAS,02/09/2020,WAS vs. MEM,L,240,99,-7
UTA,02/09/2020,UTA @ HOU,W,241,114,1
POR,02/09/2020,POR vs. MIA,W,240,115,6
PHI,02/09/2020,PHI vs. CHI,W,240,118,7
OKC,02/09/2020,OKC vs. BOS,L,240,111,-1
NYK,02/09/2020,NYK @ ATL,L,291,135,-5
MIA,02/09/2020,MIA @ POR,L,240,109,-6
MEM,02/09/2020,MEM @ WAS,W,240,106,7
LAC,02/09/2020,LAC @ CLE,W,241,133,41
HOU,02/09/2020,HOU vs. UTA,L,240,113,-1
CLE,02/09/2020,CLE vs. LAC,L,240,92,-41
CHI,02/09/2020,CHI @ PHI,L,240,111,-7
BOS,02/09/2020,BOS @ OKC,W,240,112,1
ATL,02/09/2020,ATL vs. NYK,W,292,140,5
UTA,02/10/2020,UTA @ DAL,W,240,123,4
TOR,02/10/2020,TOR vs. MIN,W,241,137,11
SAS,02/10/2020,SAS @ DEN,L,243,120,-7
SAC,02/10/2020,SAC @ MIL,L,241,111,-12
PHX,02/10/2020,PHX @ LAL,L,242,100,-25
ORL,02/10/2020,ORL vs. ATL,W,240,135,9
MIN,02/10/2020,MIN @ TOR,L,241,126,-11
MIL,02/10/2020,MIL vs. SAC,W,240,123,12
MIA,02/10/2020,MIA @ GSW,W,241,113,12
LAL,02/10/2020,LAL vs. PHX,W,241,125,25
IND,02/10/2020,IND vs. BKN,L,240,105,-1
GSW,02/10/2020,GSW vs. MIA,L,240,101,-12
DET,02/10/2020,DET vs. CHA,L,241,76,-11
DEN,02/10/2020,DEN vs. SAS,W,241,127,7
DAL,02/10/2020,DAL vs. UTA,L,241,119,-4
CHA,02/10/2020,CHA @ DET,W,241,87,11
BKN,02/10/2020,BKN @ IND,W,239,106,1
ATL,02/10/2020,ATL @ ORL,L,239,126,-9
WAS,02/11/2020,WAS vs. CHI,W,240,126,12
SAS,02/11/2020,SAS @ OKC,W,241,114,8
POR,02/11/2020,POR @ NOP,L,241,117,-21
PHI,02/11/2020,PHI vs. LAC,W,240,110,7
OKC,02/11/2020,OKC vs. SAS,L,239,106,-8
NOP,02/11/2020,NOP vs. POR,W,240,138,21
LAC,02/11/2020,LAC @ PHI,L,240,103,-7
HOU,02/11/2020,HOU vs. BOS,W,241,116,11
CHI,02/11/2020,CHI @ WAS,L,240,114,-12
BOS,02/11/2020,BOS @ HOU,L,239,105,-11
WAS,02/12/2020,WAS @ NYK,W,239,114,18
UTA,02/12/2020,UTA vs. MIA,W,240,116,15
TOR,02/12/2020,TOR @ BKN,L,241,91,-10
SAC,02/12/2020,SAC @ DAL,L,241,111,-19
POR,02/12/2020,POR @ MEM,L,239,104,-7
PHX,02/12/2020,PHX vs. GSW,W,240,112,6
ORL,02/12/2020,ORL vs. DET,W,265,116,4
NYK,02/12/2020,NYK vs. WAS,L,238,96,-18
MIN,02/12/2020,MIN vs. CHA,L,240,108,-7
MIL,02/12/2020,MIL @ IND,L,239,111,-7
MIA,02/12/2020,MIA @ UTA,L,240,101,-15
MEM,02/12/2020,MEM vs. POR,W,240,111,7
LAL,02/12/2020,LAL @ DEN,W,265,120,4
IND,02/12/2020,IND vs. MIL,W,240,118,7
GSW,02/12/2020,GSW @ PHX,L,240,106,-6
DET,02/12/2020,DET @ ORL,L,266,112,-4
DEN,02/12/2020,DEN vs. LAL,L,264,116,-4
DAL,02/12/2020,DAL vs. SAC,W,239,130,19
CLE,02/12/2020,CLE vs. ATL,W,240,127,22
CHA,02/12/2020,CHA @ MIN,W,241,115,7
BKN,02/12/2020,BKN vs. TOR,W,241,101,10
ATL,02/12/2020,ATL @ CLE,L,238,105,-22
OKC,02/13/2020,OKC @ NOP,W,239,123,5
NOP,02/13/2020,NOP vs. OKC,L,238,118,-5
LAC,02/13/2020,LAC @ BOS,L,291,133,-8
BOS,02/13/2020,BOS vs. LAC,W,291,141,8
WLD,02/14/2020,WLD @ USA,L,200,131,-20
WLB,02/14/2020,WLB vs. SAS,W,240,62,15
USA,02/14/2020,USA vs. WLD,W,200,151,20
SAS,02/14/2020,SAS @ WLB,L,240,47,-15
LBN,02/16/2020,LBN @ GNS,W,241,157,2
GNS,02/16/2020,GNS vs. LBN,L,241,155,-2
SAC,02/20/2020,SAC vs. MEM,W,241,129,4
PHI,02/20/2020,PHI vs. BKN,W,265,112,8
MIL,02/20/2020,MIL @ DET,W,239,126,20
MIA,02/20/2020,MIA @ ATL,L,238,124,-5
MEM,02/20/2020,MEM @ SAC,L,240,125,-4
HOU,02/20/2020,HOU @ GSW,W,239,135,30
GSW,02/20/2020,GSW vs. HOU,L,241,105,-30
DET,02/20/2020,DET vs. MIL,L,240,106,-20
CHI,02/20/2020,CHI vs. CHA,L,239,93,-10
CHA,02/20/2020,CHA @ CHI,W,240,103,10
BKN,02/20/2020,BKN @ PHI,L,265,104,-8
ATL,02/20/2020,ATL vs. MIA,W,240,129,5
WAS,02/21/2020,WAS vs. CLE,L,240,108,-5
UTA,02/21/2020,UTA vs. SAS,L,242,104,-9
TOR,02/21/2020,TOR vs. PHX,W,241,118,17
SAS,02/21/2020,SAS @ UTA,W,239,113,9
POR,02/21/2020,POR vs. NOP,L,241,115,-13
PHX,02/21/2020,PHX @ TOR,L,240,101,-17
ORL,02/21/2020,ORL vs. DAL,L,240,106,-16
OKC,02/21/2020,OKC vs. DEN,W,240,113,12
NYK,02/21/2020,NYK vs. IND,L,242,98,-8
NOP,02/21/2020,NOP @ POR,W,240,128,13
MIN,02/21/2020,MIN vs. BOS,L,241,117,-10
MEM,02/21/2020,MEM @ LAL,L,240,105,-12
LAL,02/21/2020,LAL vs. MEM,W,240,117,12
IND,02/21/2020,IND @ NYK,W,240,106,8
DEN,02/21/2020,DEN @ OKC,L,241,101,-12
DAL,02/21/2020,DAL @ ORL,W,242,122,16
CLE,02/21/2020,CLE @ WAS,W,241,113,5
BOS,02/21/2020,BOS @ MIN,W,241,127,10
UTA,02/22/2020,UTA vs. HOU,L,240,110,-10
SAC,02/22/2020,SAC @ LAC,W,240,112,9
PHX,02/22/2020,PHX @ CHI,W,239,112,8
PHI,02/22/2020,PHI @ MIL,L,240,98,-21
MIL,02/22/2020,MIL vs. PHI,W,240,119,21
MIA,02/22/2020,MIA vs. CLE,W,240,124,19
LAC,02/22/2020,LAC vs. SAC,L,241,103,-9
HOU,02/22/2020,HOU @ UTA,W,240,120,10
DAL,02/22/2020,DAL @ ATL,L,240,107,-4
CLE,02/22/2020,CLE @ MIA,L,240,105,-19
CHI,02/22/2020,CHI vs. PHX,L,241,104,-8
CHA,02/22/2020,CHA vs. BKN,L,240,86,-29
BKN,02/22/2020,BKN @ CHA,W,239,115,29
ATL,02/22/2020,ATL vs. DAL,W,241,111,4
WAS,02/23/2020,WAS @ CHI,L,239,117,-9
TOR,02/23/2020,TOR vs. IND,W,239,127,46
SAS,02/23/2020,SAS @ OKC,L,239,103,-28
POR,02/23/2020,POR vs. DET,W,238,107,3
OKC,02/23/2020,OKC vs. SAS,W,240,131,28
NOP,02/23/2020,NOP @ GSW,W,239,115,14
MIN,02/23/2020,MIN @ DEN,L,241,116,-12
LAL,02/23/2020,LAL vs. BOS,W,239,114,2
IND,02/23/2020,IND @ TOR,L,239,81,-46
GSW,02/23/2020,GSW vs. NOP,L,241,101,-14
DET,02/23/2020,DET @ POR,L,239,104,-3
DEN,02/23/2020,DEN vs. MIN,W,240,128,12
CHI,02/23/2020,CHI vs. WAS,W,239,126,9
BOS,02/23/2020,BOS @ LAL,L,240,112,-2
WAS,02/24/2020,WAS vs. MIL,L,265,134,-3
UTA,02/24/2020,UTA vs. PHX,L,239,111,-20
PHX,02/24/2020,PHX @ UTA,W,238,131,20
PHI,02/24/2020,PHI vs. ATL,W,239,129,17
ORL,02/24/2020,ORL @ BKN,W,240,115,2
NYK,02/24/2020,NYK @ HOU,L,240,112,-11
MIN,02/24/2020,MIN @ DAL,L,239,123,-16
MIL,02/24/2020,MIL @ WAS,W,266,137,3
MIA,02/24/2020,MIA @ CLE,L,265,119,-6
MEM,02/24/2020,MEM @ LAC,L,241,97,-27
LAC,02/24/2020,LAC vs. MEM,W,241,124,27
HOU,02/24/2020,HOU vs. NYK,W,239,123,11
DAL,02/24/2020,DAL vs. MIN,W,242,139,16
CLE,02/24/2020,CLE vs. MIA,W,265,125,6
BKN,02/24/2020,BKN vs. ORL,L,240,113,-2
ATL,02/24/2020,ATL @ PHI,L,240,112,-17
TOR,02/25/2020,TOR vs. MIL,L,241,97,-11
SAC,02/25/2020,SAC @ GSW,W,240,112,18
POR,02/25/2020,POR vs. BOS,L,240,106,-12
OKC,02/25/2020,OKC @ CHI,W,239,124,2
NOP,02/25/2020,NOP @ LAL,L,240,109,-9
MIL,02/25/2020,MIL @ TOR,W,240,108,11
LAL,02/25/2020,LAL vs. NOP,W,239,118,9
IND,02/25/2020,IND vs. CHA,W,239,119,39
GSW,02/25/2020,GSW vs. SAC,L,241,94,-18
DET,02/25/2020,DET @ DEN,L,240,98,-17
DEN,02/25/2020,DEN vs. DET,W,239,115,17
CHI,02/25/2020,CHI vs. OKC,L,241,122,-2
CHA,02/25/2020,CHA @ IND,L,240,80,-39
BOS,02/25/2020,BOS @ POR,W,240,118,12
WAS,02/26/2020,WAS vs. BKN,W,241,110,4
UTA,02/26/2020,UTA vs. BOS,L,240,103,-11
SAS,02/26/2020,SAS vs. DAL,L,239,103,-6
PHX,02/26/2020,PHX vs. LAC,L,240,92,-10
PHI,02/26/2020,PHI @ CLE,L,240,94,-14
ORL,02/26/2020,ORL @ ATL,W,240,130,10
NYK,02/26/2020,NYK @ CHA,L,239,101,-6
MIN,02/26/2020,MIN @ MIA,W,240,129,3
MIA,02/26/2020,MIA vs. MIN,L,239,126,-3
MEM,02/26/2020,MEM @ HOU,L,238,112,-28
LAC,02/26/2020,LAC @ PHX,W,240,102,10
HOU,02/26/2020,HOU vs. MEM,W,240,140,28
DAL,02/26/2020,DAL @ SAS,W,241,109,6
CLE,02/26/2020,CLE vs. PHI,W,242,108,14
CHA,02/26/2020,CHA vs. NYK,W,240,107,6
BOS,02/26/2020,BOS @ UTA,W,240,114,11
BKN,02/26/2020,BKN @ WAS,L,239,106,-4
ATL,02/26/2020,ATL vs. ORL,L,240,120,-10
SAC,02/27/2020,SAC @ OKC,L,239,108,-4
POR,02/27/2020,POR @ IND,L,240,100,-6
PHI,02/27/2020,PHI vs. NYK,W,241,115,9
OKC,02/27/2020,OKC vs. SAC,W,241,112,4
NYK,02/27/2020,NYK @ PHI,L,241,106,-9
LAL,02/27/2020,LAL @ GSW,W,241,116,30
IND,02/27/2020,IND vs. POR,W,241,106,6
GSW,02/27/2020,GSW vs. LAL,L,240,86,-30
WAS,02/28/2020,WAS @ UTA,L,242,119,-10
UTA,02/28/2020,UTA vs. WAS,W,241,129,10
TOR,02/28/2020,TOR vs. CHA,L,239,96,-3
SAC,02/28/2020,SAC @ MEM,W,239,104,3
PHX,02/28/2020,PHX vs. DET,L,241,111,-2
ORL,02/28/2020,ORL vs. MIN,W,240,136,11
OKC,02/28/2020,OKC @ MIL,L,240,86,-47
NOP,02/28/2020,NOP vs. CLE,W,239,116,12
MIN,02/28/2020,MIN @ ORL,L,239,125,-11
MIL,02/28/2020,MIL vs. OKC,W,238,133,47
MIA,02/28/2020,MIA vs. DAL,W,240,126,8
MEM,02/28/2020,MEM vs. SAC,L,239,101,-3
LAC,02/28/2020,LAC vs. DEN,W,241,132,29
DET,02/28/2020,DET @ PHX,W,240,113,2
DEN,02/28/2020,DEN @ LAC,L,239,103,-29
DAL,02/28/2020,DAL @ MIA,L,240,118,-8
CLE,02/28/2020,CLE @ NOP,L,241,104,-12
CHA,02/28/2020,CHA @ TOR,W,240,99,3
BKN,02/28/2020,BKN @ ATL,L,243,118,-23
ATL,02/28/2020,ATL vs. BKN,W,240,141,23
SAS,02/29/2020,SAS vs. ORL,W,240,114,1
POR,02/29/2020,POR @ ATL,L,240,117,-12
PHX,02/29/2020,PHX vs. GSW,L,240,99,-16
ORL,02/29/2020,ORL @ SAS,L,241,113,-1
NYK,02/29/2020,NYK vs. CHI,W,240,125,10
MIA,02/29/2020,MIA vs. BKN,W,239,116,3
MEM,02/29/2020,MEM vs. LAL,W,241,105,17
LAL,02/29/2020,LAL @ MEM,L,241,88,-17
IND,02/29/2020,IND @ CLE,W,240,113,9
HOU,02/29/2020,HOU @ BOS,W,265,111,1
GSW,02/29/2020,GSW @ PHX,W,242,115,16
CLE,02/29/2020,CLE vs. IND,L,239,104,-9
CHI,02/29/2020,CHI @ NYK,L,239,115,-10
BOS,02/29/2020,BOS vs. HOU,L,266,110,-1
BKN,02/29/2020,BKN @ MIA,L,240,113,-3
ATL,02/29/2020,ATL vs. POR,W,239,129,12
WAS,03/01/2020,WAS @ GSW,W,240,124,14
TOR,03/01/2020,TOR @ DEN,L,241,118,-15
SAC,03/01/2020,SAC vs. DET,W,240,106,6
PHI,03/01/2020,PHI @ LAC,L,240,130,-6
NOP,03/01/2020,NOP vs. LAL,L,239,114,-8
MIN,03/01/2020,MIN vs. DAL,L,241,91,-20
MIL,03/01/2020,MIL @ CHA,W,240,93,8
LAL,03/01/2020,LAL @ NOP,W,240,122,8
LAC,03/01/2020,LAC vs. PHI,W,239,136,6
GSW,03/01/2020,GSW vs. WAS,L,239,110,-14
DET,03/01/2020,DET @ SAC,L,238,100,-6
DEN,03/01/2020,DEN vs. TOR,W,240,133,15
DAL,03/01/2020,DAL @ MIN,W,241,111,20
CHA,03/01/2020,CHA vs. MIL,L,239,85,-8
UTA,03/02/2020,UTA @ CLE,W,242,126,13
SAS,03/02/2020,SAS vs. IND,L,240,111,-5
POR,03/02/2020,POR @ ORL,W,240,130,23
ORL,03/02/2020,ORL vs. POR,L,240,107,-23
NYK,03/02/2020,NYK vs. HOU,W,240,125,2
MIL,03/02/2020,MIL @ MIA,L,241,89,-16
MIA,03/02/2020,MIA vs. MIL,W,240,105,16
MEM,03/02/2020,MEM @ ATL,W,239,127,39
IND,03/02/2020,IND @ SAS,W,240,116,5
HOU,03/02/2020,HOU @ NYK,L,240,123,-2
DAL,03/02/2020,DAL @ CHI,L,241,107,-2
CLE,03/02/2020,CLE vs. UTA,L,238,113,-13
CHI,03/02/2020,CHI vs. DAL,W,240,109,2
ATL,03/02/2020,ATL vs. MEM,L,239,88,-39
WAS,03/03/2020,WAS @ SAC,L,240,126,-7
TOR,03/03/2020,TOR @ PHX,W,240,123,9
SAS,03/03/2020,SAS @ CHA,W,240,104,1
SAC,03/03/2020,SAC vs. WAS,W,240,133,7
PHX,03/03/2020,PHX vs. TOR,L,239,114,-9
PHI,03/03/2020,PHI @ LAL,L,239,107,-13
OKC,03/03/2020,OKC vs. LAC,L,240,94,-15
NOP,03/03/2020,NOP vs. MIN,L,241,134,-5
MIN,03/03/2020,MIN @ NOP,W,241,139,5
LAL,03/03/2020,LAL vs. PHI,W,240,120,13
LAC,03/03/2020,LAC @ OKC,W,239,109,15
GSW,03/03/2020,GSW @ DEN,W,239,116,16
DEN,03/03/2020,DEN vs. GSW,L,241,100,-16
CHA,03/03/2020,CHA vs. SAS,L,240,103,-1
BOS,03/03/2020,BOS vs. BKN,L,266,120,-9
BKN,03/03/2020,BKN @ BOS,W,265,129,9
WAS,03/04/2020,WAS @ POR,L,241,104,-21
UTA,03/04/2020,UTA @ NYK,W,242,112,8
POR,03/04/2020,POR vs. WAS,W,241,125,21
ORL,03/04/2020,ORL @ MIA,L,240,113,-3
OKC,03/04/2020,OKC @ DET,W,240,114,7
NYK,03/04/2020,NYK vs. UTA,L,240,104,-8
NOP,03/04/2020,NOP @ DAL,L,265,123,-4
MIN,03/04/2020,MIN vs. CHI,W,240,115,7
MIL,03/04/2020,MIL vs. IND,W,239,119,19
MIA,03/04/2020,MIA vs. ORL,W,240,116,3
MEM,03/04/2020,MEM @ BKN,W,240,118,39
IND,03/04/2020,IND @ MIL,L,240,100,-19
DET,03/04/2020,DET vs. OKC,L,241,107,-7
DAL,03/04/2020,DAL vs. NOP,W,264,127,4
CLE,03/04/2020,CLE vs. BOS,L,239,106,-6
CHI,03/04/2020,CHI @ MIN,L,241,108,-7
BOS,03/04/2020,BOS @ CLE,W,239,112,6
BKN,03/04/2020,BKN vs. MEM,L,240,79,-39
TOR,03/05/2020,TOR @ GSW,W,240,121,8
SAC,03/05/2020,SAC vs. PHI,L,240,108,-17
PHI,03/05/2020,PHI @ SAC,W,241,125,17
LAC,03/05/2020,LAC @ HOU,W,240,120,15
HOU,03/05/2020,HOU vs. LAC,L,240,105,-15
GSW,03/05/2020,GSW vs. TOR,L,240,113,-8
DEN,03/05/2020,DEN @ CHA,W,241,114,2
CHA,03/05/2020,CHA vs. DEN,L,241,112,-2
WAS,03/06/2020,WAS vs. ATL,W,240,118,6
UTA,03/06/2020,UTA @ BOS,W,241,99,5
SAS,03/06/2020,SAS @ BKN,L,239,120,-19
POR,03/06/2020,POR @ PHX,L,240,117,-10
PHX,03/06/2020,PHX vs. POR,W,240,127,10
ORL,03/06/2020,ORL @ MIN,W,241,132,14
OKC,03/06/2020,OKC @ NYK,W,241,126,23
NYK,03/06/2020,NYK vs. OKC,L,238,103,-23
NOP,03/06/2020,NOP vs. MIA,W,240,110,6
MIN,03/06/2020,MIN vs. ORL,L,240,118,-14
MIL,03/06/2020,MIL @ LAL,L,240,103,-10
MIA,03/06/2020,MIA @ NOP,L,240,104,-6
MEM,03/06/2020,MEM @ DAL,L,239,96,-25
LAL,03/06/2020,LAL vs. MIL,W,240,113,10
IND,03/06/2020,IND @ CHI,W,238,108,6
DAL,03/06/2020,DAL vs. MEM,W,239,121,25
CHI,03/06/2020,CHI vs. IND,L,240,102,-6
BOS,03/06/2020,BOS vs. UTA,L,240,94,-5
BKN,03/06/2020,BKN vs. SAS,W,240,139,19
ATL,03/06/2020,ATL @ WAS,L,239,112,-6
UTA,03/07/2020,UTA @ DET,W,240,111,6
SAC,03/07/2020,SAC @ POR,W,241,123,12
POR,03/07/2020,POR vs. SAC,L,240,111,-12
PHI,03/07/2020,PHI @ GSW,L,240,114,-4
MEM,03/07/2020,MEM vs. ATL,W,240,118,17
HOU,03/07/2020,HOU @ CHA,L,239,99,-9
GSW,03/07/2020,GSW vs. PHI,W,240,118,4
DET,03/07/2020,DET vs. UTA,L,240,105,-6
DEN,03/07/2020,DEN @ CLE,L,241,102,-2
CLE,03/07/2020,CLE vs. DEN,W,239,104,2
CHA,03/07/2020,CHA vs. HOU,W,240,108,9
ATL,03/07/2020,ATL @ MEM,L,240,101,-17
WAS,03/08/2020,WAS vs. MIA,L,240,89,-11
TOR,03/08/2020,TOR @ SAC,W,241,118,5
SAS,03/08/2020,SAS @ CLE,L,265,129,-3
SAC,03/08/2020,SAC vs. TOR,L,240,113,-5
PHX,03/08/2020,PHX vs. MIL,W,239,140,9
ORL,03/08/2020,ORL @ HOU,W,241,126,20
OKC,03/08/2020,OKC @ BOS,W,239,105,1
NYK,03/08/2020,NYK vs. DET,W,241,96,12
NOP,03/08/2020,NOP @ MIN,W,241,120,13
MIN,03/08/2020,MIN vs. NOP,L,240,107,-13
MIL,03/08/2020,MIL @ PHX,L,240,131,-9
MIA,03/08/2020,MIA @ WAS,W,238,100,11
LAL,03/08/2020,LAL @ LAC,W,241,112,9
LAC,03/08/2020,LAC vs. LAL,L,240,103,-9
IND,03/08/2020,IND @ DAL,W,239,112,3
HOU,03/08/2020,HOU vs. ORL,L,241,106,-20
DET,03/08/2020,DET @ NYK,L,241,84,-12
DAL,03/08/2020,DAL vs. IND,L,240,109,-3
CLE,03/08/2020,CLE vs. SAS,W,264,132,3
CHI,03/08/2020,CHI @ BKN,L,240,107,-3
BOS,03/08/2020,BOS vs. OKC,L,241,104,-1
BKN,03/08/2020,BKN vs. CHI,W,242,110,3
UTA,03/09/2020,UTA vs. TOR,L,241,92,-9
TOR,03/09/2020,TOR @ UTA,W,243,101,9
MIL,03/09/2020,MIL @ DEN,L,239,95,-14
DEN,03/09/2020,DEN vs. MIL,W,242,109,14
CHA,03/09/2020,CHA @ ATL,L,289,138,-5
ATL,03/09/2020,ATL vs. CHA,W,290,143,5
WAS,03/10/2020,WAS vs. NYK,W,241,122,7
SAS,03/10/2020,SAS vs. DAL,W,239,119,10
POR,03/10/2020,POR vs. PHX,W,240,121,16
PHX,03/10/2020,PHX @ POR,L,242,105,-16
ORL,03/10/2020,ORL @ MEM,W,241,120,5
NYK,03/10/2020,NYK @ WAS,L,240,115,-7
MIN,03/10/2020,MIN @ HOU,L,240,111,-6
MEM,03/10/2020,MEM vs. ORL,L,240,115,-5
LAL,03/10/2020,LAL vs. BKN,L,241,102,-2
LAC,03/10/2020,LAC @ GSW,W,242,131,24
IND,03/10/2020,IND vs. BOS,L,239,111,-3
HOU,03/10/2020,HOU vs. MIN,W,241,117,6
GSW,03/10/2020,GSW vs. LAC,L,239,107,-24
DAL,03/10/2020,DAL @ SAS,L,240,109,-10
CLE,03/10/2020,CLE @ CHI,L,240,103,-5
CHI,03/10/2020,CHI vs. CLE,W,241,108,5
BOS,03/10/2020,BOS @ IND,W,240,114,3
BKN,03/10/2020,BKN @ LAL,W,241,104,2
PHI,03/11/2020,PHI vs. DET,W,241,124,18
NYK,03/11/2020,NYK @ ATL,W,264,136,5
MIA,03/11/2020,MIA vs. CHA,L,239,98,-11
DET,03/11/2020,DET @ PHI,L,241,106,-18
DEN,03/11/2020,DEN @ DAL,L,240,97,-16
DAL,03/11/2020,DAL vs. DEN,W,240,113,16
CHA,03/11/2020,CHA @ MIA,W,239,109,11
ATL,03/11/2020,ATL vs. NYK,L,265,131,-5
WAS,07/22/2020,WAS @ DEN,L,241,82,-7
SAC,07/22/2020,SAC @ MIA,L,239,98,-6
ORL,07/22/2020,ORL @ LAC,L,200,90,-9
NOP,07/22/2020,NOP @ BKN,W,240,99,31
MIA,07/22/2020,MIA vs. SAC,W,240,104,6
LAC,07/22/2020,LAC vs. ORL,W,201,99,9
DEN,07/22/2020,DEN vs. WAS,W,240,89,7
BKN,07/22/2020,BKN vs. NOP,L,240,68,-31
UTA,07/23/2020,UTA vs. PHX,L,241,88,-13
SAS,07/23/2020,SAS @ MIL,L,241,92,-21
POR,07/23/2020,POR @ IND,L,240,88,-3
PHX,07/23/2020,PHX @ UTA,W,240,101,13
MIL,07/23/2020,MIL vs. SAS,W,240,113,21
LAL,07/23/2020,LAL vs. DAL,L,240,104,-4
IND,07/23/2020,IND vs. POR,W,240,91,3
DAL,07/23/2020,DAL @ LAL,W,241,108,4
TOR,07/24/2020,TOR vs. HOU,W,198,94,11
PHI,07/24/2020,PHI vs. MEM,W,200,90,7
OKC,07/24/2020,OKC @ BOS,W,198,98,14
MEM,07/24/2020,MEM @ PHI,L,200,83,-7
HOU,07/24/2020,HOU @ TOR,L,200,83,-11
BOS,07/24/2020,BOS vs. OKC,L,196,84,-14
WAS,07/25/2020,WAS vs. LAC,L,241,100,-5
UTA,07/25/2020,UTA vs. MIA,W,240,101,2
SAS,07/25/2020,SAS vs. BKN,L,240,119,-5
SAC,07/25/2020,SAC vs. MIL,L,240,123,-8
ORL,07/25/2020,ORL vs. LAL,L,240,112,-7
NOP,07/25/2020,NOP vs. DEN,W,239,119,15
MIL,07/25/2020,MIL @ SAC,W,240,131,8
MIA,07/25/2020,MIA @ UTA,L,241,99,-2
LAL,07/25/2020,LAL @ ORL,W,241,119,7
LAC,07/25/2020,LAC @ WAS,W,239,105,5
DEN,07/25/2020,DEN @ NOP,L,240,104,-15
BKN,07/25/2020,BKN @ SAS,W,242,124,5
TOR,07/26/2020,TOR vs. POR,W,240,110,6
POR,07/26/2020,POR @ TOR,L,241,104,-6
PHX,07/26/2020,PHX @ BOS,L,239,103,-14
PHI,07/26/2020,PHI @ OKC,L,240,97,-5
OKC,07/26/2020,OKC vs. PHI,W,240,102,5
MEM,07/26/2020,MEM vs. HOU,L,239,104,-15
IND,07/26/2020,IND @ DAL,W,241,118,7
HOU,07/26/2020,HOU @ MEM,W,242,119,15
DAL,07/26/2020,DAL vs. IND,L,240,111,-7
BOS,07/26/2020,BOS vs. PHX,W,241,117,14
WAS,07/27/2020,WAS @ LAL,L,240,116,-7
UTA,07/27/2020,UTA @ BKN,W,239,112,5
SAC,07/27/2020,SAC @ LAC,W,240,106,4
ORL,07/27/2020,ORL @ DEN,W,240,114,4
NOP,07/27/2020,NOP @ MIL,W,241,124,21
MIL,07/27/2020,MIL vs. NOP,L,241,103,-21
LAL,07/27/2020,LAL vs. WAS,W,238,123,7
LAC,07/27/2020,LAC vs. SAC,L,239,102,-4
DEN,07/27/2020,DEN vs. ORL,L,241,110,-4
BKN,07/27/2020,BKN vs. UTA,L,240,107,-5
TOR,07/28/2020,TOR @ PHX,L,240,106,-11
SAS,07/28/2020,SAS @ IND,W,241,118,7
POR,07/28/2020,POR vs. OKC,L,239,120,-11
PHX,07/28/2020,PHX vs. TOR,W,241,117,11
PHI,07/28/2020,PHI vs. DAL,L,266,115,-3
OKC,07/28/2020,OKC @ POR,W,239,131,11
MIA,07/28/2020,MIA vs. MEM,L,240,110,-18
MEM,07/28/2020,MEM @ MIA,W,241,128,18
IND,07/28/2020,IND vs. SAS,L,240,111,-7
HOU,07/28/2020,HOU vs. BOS,W,240,137,25
DAL,07/28/2020,DAL @ PHI,W,265,118,3
BOS,07/28/2020,BOS @ HOU,L,239,112,-25
UTA,07/30/2020,UTA @ NOP,W,240,106,2
NOP,07/30/2020,NOP vs. UTA,L,239,104,-2
LAL,07/30/2020,LAL vs. LAC,W,239,103,2
LAC,07/30/2020,LAC @ LAL,L,239,101,-2
WAS,07/31/2020,WAS vs. PHX,L,242,112,-13
SAS,07/31/2020,SAS vs. SAC,W,240,129,9
SAC,07/31/2020,SAC @ SAS,L,241,120,-9
POR,07/31/2020,POR vs. MEM,W,265,140,5
PHX,07/31/2020,PHX @ WAS,W,241,125,13
ORL,07/31/2020,ORL @ BKN,W,240,128,10
MIL,07/31/2020,MIL vs. BOS,W,241,119,7
MEM,07/31/2020,MEM @ POR,L,264,135,-5
HOU,07/31/2020,HOU @ DAL,W,267,153,4
DAL,07/31/2020,DAL vs. HOU,L,265,149,-4
BOS,07/31/2020,BOS @ MIL,L,239,112,-7
BKN,07/31/2020,BKN vs. ORL,L,241,118,-10
UTA,08/01/2020,UTA @ OKC,L,240,94,-16
TOR,08/01/2020,TOR vs. LAL,W,238,107,15
PHI,08/01/2020,PHI @ IND,L,240,121,-6
OKC,08/01/2020,OKC vs. UTA,W,240,110,16
NOP,08/01/2020,NOP @ LAC,L,240,103,-23
MIA,08/01/2020,MIA @ DEN,W,240,125,20
LAL,08/01/2020,LAL @ TOR,L,240,92,-15
LAC,08/01/2020,LAC vs. NOP,W,240,126,23
IND,08/01/2020,IND vs. PHI,W,242,127,6
DEN,08/01/2020,DEN vs. MIA,L,239,105,-20
WAS,08/02/2020,WAS @ BKN,L,241,110,-8
SAS,08/02/2020,SAS @ MEM,W,241,108,2
SAC,08/02/2020,SAC @ ORL,L,239,116,-16
POR,08/02/2020,POR @ BOS,L,240,124,-4
PHX,08/02/2020,PHX vs. DAL,W,240,117,2
ORL,08/02/2020,ORL vs. SAC,W,241,132,16
MIL,08/02/2020,MIL @ HOU,L,240,116,-4
MEM,08/02/2020,MEM vs. SAS,L,241,106,-2
HOU,08/02/2020,HOU vs. MIL,W,239,120,4
DAL,08/02/2020,DAL @ PHX,L,240,115,-2
BOS,08/02/2020,BOS vs. POR,W,241,128,4
BKN,08/02/2020,BKN vs. WAS,W,240,118,8
WAS,08/03/2020,WAS vs. IND,L,240,100,-11
UTA,08/03/2020,UTA vs. LAL,L,238,108,-8
TOR,08/03/2020,TOR @ MIA,W,239,107,4
SAS,08/03/2020,SAS @ PHI,L,240,130,-2
PHI,08/03/2020,PHI vs. SAS,W,240,132,2
OKC,08/03/2020,OKC vs. DEN,L,264,113,-8
NOP,08/03/2020,NOP vs. MEM,W,239,109,10
MIA,08/03/2020,MIA vs. TOR,L,240,103,-4
MEM,08/03/2020,MEM @ NOP,L,240,99,-10
LAL,08/03/2020,LAL @ UTA,W,241,116,8
IND,08/03/2020,IND @ WAS,W,240,111,11
DEN,08/03/2020,DEN @ OKC,W,266,121,8
SAC,08/04/2020,SAC vs. DAL,L,265,110,-4
POR,08/04/2020,POR vs. HOU,W,240,110,8
PHX,08/04/2020,PHX @ LAC,W,241,117,2
ORL,08/04/2020,ORL @ IND,L,238,109,-11
MIL,08/04/2020,MIL vs. BKN,L,241,116,-3
MIA,08/04/2020,MIA vs. BOS,W,239,112,6
LAC,08/04/2020,LAC vs. PHX,L,241,115,-2
IND,08/04/2020,IND vs. ORL,W,241,120,11
HOU,08/04/2020,HOU @ POR,L,241,102,-8
DAL,08/04/2020,DAL @ SAC,W,267,114,4
BOS,08/04/2020,BOS @ MIA,L,239,106,-6
BKN,08/04/2020,BKN @ MIL,W,241,119,3
WAS,08/05/2020,WAS vs. PHI,L,240,98,-9
UTA,08/05/2020,UTA vs. MEM,W,241,124,9
TOR,08/05/2020,TOR @ ORL,W,244,109,10
SAS,08/05/2020,SAS vs. DEN,L,239,126,-6
PHI,08/05/2020,PHI @ WAS,W,240,107,9
ORL,08/05/2020,ORL vs. TOR,L,239,99,-10
OKC,08/05/2020,OKC @ LAL,W,242,105,19
MEM,08/05/2020,MEM @ UTA,L,240,115,-9
LAL,08/05/2020,LAL vs. OKC,L,240,86,-19
DEN,08/05/2020,DEN @ SAS,W,240,132,6
BOS,08/05/2020,BOS vs. BKN,W,242,149,34
BKN,08/05/2020,BKN @ BOS,L,239,115,-34
SAC,08/06/2020,SAC vs. NOP,W,239,140,15
POR,08/06/2020,POR @ DEN,W,241,125,10
PHX,08/06/2020,PHX vs. IND,W,239,114,15
NOP,08/06/2020,NOP @ SAC,L,239,125,-15
MIL,08/06/2020,MIL vs. MIA,W,239,130,14
MIA,08/06/2020,MIA @ MIL,L,239,116,-14
LAL,08/06/2020,LAL @ HOU,L,240,97,-16
LAC,08/06/2020,LAC @ DAL,W,241,126,15
IND,08/06/2020,IND @ PHX,L,240,99,-15
HOU,08/06/2020,HOU vs. LAL,W,238,113,16
DEN,08/06/2020,DEN vs. POR,L,241,115,-10
DAL,08/06/2020,DAL vs. LAC,L,240,111,-15
WAS,08/07/2020,WAS @ NOP,L,240,107,-11
UTA,08/07/2020,UTA @ SAS,L,240,111,-8
TOR,08/07/2020,TOR vs. BOS,L,238,100,-22
SAS,08/07/2020,SAS vs. UTA,W,240,119,8
SAC,08/07/2020,SAC @ BKN,L,240,106,-13
PHI,08/07/2020,PHI vs. ORL,W,241,108,7
ORL,08/07/2020,ORL @ PHI,L,242,101,-7
OKC,08/07/2020,OKC @ MEM,L,240,92,-29
NOP,08/07/2020,NOP vs. WAS,W,240,118,11
MEM,08/07/2020,MEM vs. OKC,W,241,121,29
BOS,08/07/2020,BOS @ TOR,W,240,122,22
BKN,08/07/2020,BKN vs. SAC,W,241,119,13
UTA,08/08/2020,UTA @ DEN,L,288,132,-2
POR,08/08/2020,POR vs. LAC,L,241,117,-5
PHX,08/08/2020,PHX @ MIA,W,239,119,7
MIL,08/08/2020,MIL @ DAL,L,264,132,-4
MIA,08/08/2020,MIA vs. PHX,L,240,112,-7
LAL,08/08/2020,LAL @ IND,L,240,111,-5
LAC,08/08/2020,LAC @ POR,W,242,122,5
IND,08/08/2020,IND vs. LAL,W,239,116,5
DEN,08/08/2020,DEN vs. UTA,W,289,134,2
DAL,08/08/2020,DAL vs. MIL,W,264,136,4
WAS,08/09/2020,WAS @ OKC,L,240,103,-18
TOR,08/09/2020,TOR vs. MEM,W,240,108,9
SAS,08/09/2020,SAS @ NOP,W,241,122,9
SAC,08/09/2020,SAC vs. HOU,L,242,112,-17
POR,08/09/2020,POR vs. PHI,W,240,124,3
PHI,08/09/2020,PHI @ POR,L,240,121,-3
ORL,08/09/2020,ORL @ BOS,L,265,119,-3
OKC,08/09/2020,OKC vs. WAS,W,240,121,18
NOP,08/09/2020,NOP vs. SAS,L,239,113,-9
MEM,08/09/2020,MEM @ TOR,L,241,99,-9
LAC,08/09/2020,LAC vs. BKN,L,242,120,-9
HOU,08/09/2020,HOU @ SAC,W,240,129,17
BOS,08/09/2020,BOS vs. ORL,W,266,122,3
BKN,08/09/2020,BKN @ LAC,W,240,129,9
UTA,08/10/2020,UTA vs. DAL,L,239,114,-8
TOR,08/10/2020,TOR @ MIL,W,239,114,8
PHX,08/10/2020,PHX vs. OKC,W,239,128,27
OKC,08/10/2020,OKC @ PHX,L,241,101,-27
MIL,08/10/2020,MIL vs. TOR,L,239,106,-8
MIA,08/10/2020,MIA vs. IND,W,240,114,22
LAL,08/10/2020,LAL vs. DEN,W,240,124,3
IND,08/10/2020,IND @ MIA,L,238,92,-22
DEN,08/10/2020,DEN @ LAL,L,240,121,-3
DAL,08/10/2020,DAL @ UTA,W,240,122,8
WAS,08/11/2020,WAS vs. MIL,L,239,113,-13
SAS,08/11/2020,SAS vs. HOU,W,240,123,18
SAC,08/11/2020,SAC vs. NOP,W,241,112,6
POR,08/11/2020,POR @ DAL,W,241,134,3
PHX,08/11/2020,PHX @ PHI,W,239,130,13
PHI,08/11/2020,PHI vs. PHX,L,240,117,-13
ORL,08/11/2020,ORL vs. BKN,L,239,96,-12
NOP,08/11/2020,NOP @ SAC,L,240,106,-6
MIL,08/11/2020,MIL @ WAS,W,241,126,13
MEM,08/11/2020,MEM vs. BOS,L,242,107,-15
HOU,08/11/2020,HOU @ SAS,L,240,105,-18
DAL,08/11/2020,DAL vs. POR,L,241,131,-3
BOS,08/11/2020,BOS @ MEM,W,242,122,15
BKN,08/11/2020,BKN @ ORL,W,240,108,12
TOR,08/12/2020,TOR @ PHI,W,240,125,4
PHI,08/12/2020,PHI vs. TOR,L,241,121,-4
OKC,08/12/2020,OKC vs. MIA,W,242,116,1
MIA,08/12/2020,MIA @ OKC,L,241,115,-1
LAC,08/12/2020,LAC @ DEN,W,240,124,13
IND,08/12/2020,IND @ HOU,W,240,108,4
HOU,08/12/2020,HOU vs. IND,L,239,104,-4
DEN,08/12/2020,DEN vs. LAC,L,241,111,-13
WAS,08/13/2020,WAS @ BOS,W,240,96,6
UTA,08/13/2020,UTA vs. SAS,W,239,118,6
SAS,08/13/2020,SAS @ UTA,L,239,112,-6
SAC,08/13/2020,SAC @ LAL,W,241,136,14
POR,08/13/2020,POR @ BKN,W,240,134,1
PHX,08/13/2020,PHX vs. DAL,W,240,128,26
ORL,08/13/2020,ORL vs. NOP,W,240,133,6
NOP,08/13/2020,NOP @ ORL,L,239,127,-6
MIL,08/13/2020,MIL @ MEM,L,241,106,-13
MEM,08/13/2020,MEM vs. MIL,W,240,119,13
LAL,08/13/2020,LAL vs. SAC,L,241,122,-14
DAL,08/13/2020,DAL @ PHX,L,240,102,-26
BOS,08/13/2020,BOS vs. WAS,L,240,90,-6
BKN,08/13/2020,BKN vs. POR,L,239,133,-1
TOR,08/14/2020,TOR vs. DEN,W,241,117,8
PHI,08/14/2020,PHI @ HOU,W,241,134,38
OKC,08/14/2020,OKC @ LAC,L,264,103,-4
MIA,08/14/2020,MIA @ IND,L,240,92,-17
LAC,08/14/2020,LAC vs. OKC,W,265,107,4
IND,08/14/2020,IND vs. MIA,W,239,109,17
HOU,08/14/2020,HOU vs. PHI,L,240,96,-38
DEN,08/14/2020,DEN @ TOR,L,240,109,-8
POR,08/15/2020,POR vs. MEM,W,240,126,4
MEM,08/15/2020,MEM @ POR,L,240,122,-4
UTA,08/17/2020,UTA @ DEN,L,265,125,-10
TOR,08/17/2020,TOR vs. BKN,W,239,134,24
PHI,08/17/2020,PHI @ BOS,L,239,101,-8
LAC,08/17/2020,LAC vs. DAL,W,237,118,8
DEN,08/17/2020,DEN vs. UTA,W,263,135,10
DAL,08/17/2020,DAL @ LAC,L,240,110,-8
BOS,08/17/2020,BOS vs. PHI,W,239,109,8
BKN,08/17/2020,BKN @ TOR,L,238,110,-24
POR,08/18/2020,POR @ LAL,W,241,100,7
ORL,08/18/2020,ORL @ MIL,W,238,122,12
OKC,08/18/2020,OKC @ HOU,L,240,108,-15
MIL,08/18/2020,MIL vs. ORL,L,239,110,-12
MIA,08/18/2020,MIA @ IND,W,241,113,12
LAL,08/18/2020,LAL vs. POR,L,240,93,-7
IND,08/18/2020,IND vs. MIA,L,241,101,-12
HOU,08/18/2020,HOU vs. OKC,W,239,123,15
UTA,08/19/2020,UTA @ DEN,W,238,124,19
TOR,08/19/2020,TOR vs. BKN,W,238,104,5
PHI,08/19/2020,PHI @ BOS,L,241,101,-27
LAC,08/19/2020,LAC vs. DAL,L,240,114,-13
DEN,08/19/2020,DEN vs. UTA,L,240,105,-19
DAL,08/19/2020,DAL @ LAC,W,240,127,13
BOS,08/19/2020,BOS vs. PHI,W,241,128,27
BKN,08/19/2020,BKN @ TOR,L,240,99,-5
POR,08/20/2020,POR @ LAL,L,241,88,-23
ORL,08/20/2020,ORL @ MIL,L,240,96,-15
OKC,08/20/2020,OKC @ HOU,L,239,98,-13
MIL,08/20/2020,MIL vs. ORL,W,241,111,15
MIA,08/20/2020,MIA @ IND,W,239,109,9
LAL,08/20/2020,LAL vs. POR,W,242,111,23
IND,08/20/2020,IND vs. MIA,L,240,100,-9
HOU,08/20/2020,HOU vs. OKC,W,240,111,13
UTA,08/21/2020,UTA vs. DEN,W,243,124,37
TOR,08/21/2020,TOR @ BKN,W,239,117,25
PHI,08/21/2020,PHI vs. BOS,L,241,94,-8
LAC,08/21/2020,LAC @ DAL,W,240,130,8
DEN,08/21/2020,DEN @ UTA,L,240,87,-37
DAL,08/21/2020,DAL vs. LAC,L,239,122,-8
BOS,08/21/2020,BOS @ PHI,W,240,102,8
BKN,08/21/2020,BKN vs. TOR,L,239,92,-25
POR,08/22/2020,POR vs. LAL,L,240,108,-8
ORL,08/22/2020,ORL vs. MIL,L,242,107,-14
OKC,08/22/2020,OKC vs. HOU,W,264,119,12
MIL,08/22/2020,MIL @ ORL,W,242,121,14
MIA,08/22/2020,MIA vs. IND,W,241,124,9
LAL,08/22/2020,LAL @ POR,W,240,116,8
IND,08/22/2020,IND @ MIA,L,240,115,-9
HOU,08/22/2020,HOU @ OKC,L,265,107,-12
UTA,08/23/2020,UTA vs. DEN,W,240,129,2
TOR,08/23/2020,TOR @ BKN,W,241,150,28
PHI,08/23/2020,PHI vs. BOS,L,238,106,-4
LAC,08/23/2020,LAC @ DAL,L,265,133,-2
DEN,08/23/2020,DEN @ UTA,L,240,127,-2
DAL,08/23/2020,DAL vs. LAC,W,265,135,2
BOS,08/23/2020,BOS @ PHI,W,240,110,4
BKN,08/23/2020,BKN vs. TOR,L,241,122,-28
POR,08/24/2020,POR vs. LAL,L,241,115,-20
ORL,08/24/2020,ORL vs. MIL,L,240,106,-15
OKC,08/24/2020,OKC vs. HOU,W,239,117,3
MIL,08/24/2020,MIL @ ORL,W,240,121,15
MIA,08/24/2020,MIA vs. IND,W,240,99,12
LAL,08/24/2020,LAL @ POR,W,240,135,20
IND,08/24/2020,IND @ MIA,L,241,87,-12
HOU,08/24/2020,HOU @ OKC,L,241,114,-3
UTA,08/25/2020,UTA @ DEN,L,240,107,-10
LAC,08/25/2020,LAC vs. DAL,W,240,154,43
DEN,08/25/2020,DEN vs. UTA,W,239,117,10
DAL,08/25/2020,DAL @ LAC,L,238,111,-43
POR,08/29/2020,POR @ LAL,L,239,122,-9
ORL,08/29/2020,ORL @ MIL,L,240,104,-14
OKC,08/29/2020,OKC @ HOU,L,239,80,-34
MIL,08/29/2020,MIL vs. ORL,W,241,118,14
LAL,08/29/2020,LAL vs. POR,W,239,131,9
HOU,08/29/2020,HOU vs. OKC,W,241,114,33.8
UTA,08/30/2020,UTA vs. DEN,L,241,107,-12
TOR,08/30/2020,TOR vs. BOS,L,241,94,-18
LAC,08/30/2020,LAC @ DAL,W,241,111,14
DEN,08/30/2020,DEN @ UTA,W,241,119,12
DAL,08/30/2020,DAL vs. LAC,L,241,97,-14
BOS,08/30/2020,BOS @ TOR,W,240,112,18
OKC,08/31/2020,OKC vs. HOU,W,239,104,4
MIL,08/31/2020,MIL vs. MIA,L,239,104,-11
MIA,08/31/2020,MIA @ MIL,W,241,115,11
HOU,08/31/2020,HOU @ OKC,L,241,100,-4
UTA,09/01/2020,UTA @ DEN,L,242,78,-2
TOR,09/01/2020,TOR vs. BOS,L,240,99,-3
DEN,09/01/2020,DEN vs. UTA,W,239,80,2
BOS,09/01/2020,BOS @ TOR,W,241,102,3
OKC,09/02/2020,OKC @ HOU,L,241,102,-2
MIL,09/02/2020,MIL vs. MIA,L,240,114,-2
MIA,09/02/2020,MIA @ MIL,W,241,116,2
HOU,09/02/2020,HOU vs. OKC,W,240,104,2
TOR,09/03/2020,TOR @ BOS,W,239,104,1
LAC,09/03/2020,LAC vs. DEN,W,238,120,23
DEN,09/03/2020,DEN @ LAC,L,239,97,-23
BOS,09/03/2020,BOS vs. TOR,L,239,103,-1
MIL,09/04/2020,MIL @ MIA,L,240,100,-15
MIA,09/04/2020,MIA vs. MIL,W,240,115,15
LAL,09/04/2020,LAL vs. HOU,L,240,97,-15
HOU,09/04/2020,HOU @ LAL,W,240,112,15
TOR,09/05/2020,TOR @ BOS,W,240,100,7
LAC,09/05/2020,LAC vs. DEN,L,239,101,-9
DEN,09/05/2020,DEN @ LAC,W,240,110,9
BOS,09/05/2020,BOS vs. TOR,L,240,93,-7
MIL,09/06/2020,MIL @ MIA,W,265,118,3
MIA,09/06/2020,MIA vs. MIL,L,266,115,-3
LAL,09/06/2020,LAL vs. HOU,W,241,117,8
HOU,09/06/2020,HOU @ LAL,L,239,109,-8
TOR,09/07/2020,TOR vs. BOS,L,241,89,-22
LAC,09/07/2020,LAC @ DEN,W,240,113,6
DEN,09/07/2020,DEN vs. LAC,L,238,107,-6
BOS,09/07/2020,BOS @ TOR,W,238,111,22
MIL,09/08/2020,MIL vs. MIA,L,241,94,-9
MIA,09/08/2020,MIA @ MIL,W,241,103,9
LAL,09/08/2020,LAL @ HOU,W,241,112,10
HOU,09/08/2020,HOU vs. LAL,L,240,102,-10
TOR,09/09/2020,TOR @ BOS,W,289,125,3
LAC,09/09/2020,LAC @ DEN,W,242,96,11
DEN,09/09/2020,DEN vs. LAC,L,240,85,-11
BOS,09/09/2020,BOS vs. TOR,L,290,122,-3
LAL,09/10/2020,LAL @ HOU,W,241,110,10
HOU,09/10/2020,HOU vs. LAL,L,241,100,-10
TOR,09/11/2020,TOR vs. BOS,L,240,87,-5
LAC,09/11/2020,LAC vs. DEN,L,240,105,-6
DEN,09/11/2020,DEN @ LAC,W,240,111,6
BOS,09/11/2020,BOS @ TOR,W,240,92,5
LAL,09/12/2020,LAL vs. HOU,W,242,119,23
HOU,09/12/2020,HOU @ LAL,L,242,96,-23
LAC,09/13/2020,LAC @ DEN,L,240,98,-13
DEN,09/13/2020,DEN vs. LAC,W,240,111,13
MIA,09/15/2020,MIA @ BOS,W,265,117,3
LAC,09/15/2020,LAC vs. DEN,L,240,89,-15
DEN,09/15/2020,DEN @ LAC,W,240,104,15
BOS,09/15/2020,BOS vs. MIA,L,264,114,-3.2
MIA,09/17/2020,MIA @ BOS,W,238,106,5
BOS,09/17/2020,BOS vs. MIA,L,240,101,-5
LAL,09/18/2020,LAL vs. DEN,W,239,126,12
DEN,09/18/2020,DEN @ LAL,L,239,114,-12
MIA,09/19/2020,MIA vs. BOS,L,239,106,-11
BOS,09/19/2020,BOS @ MIA,W,240,117,11
LAL,09/20/2020,LAL vs. DEN,W,239,105,2
DEN,09/20/2020,DEN @ LAL,L,240,103,-2
LAL,09/22/2020,LAL @ DEN,L,241,106,-8
DEN,09/22/2020,DEN vs. LAL,W,240,114,8
MIA,09/23/2020,MIA vs. BOS,W,240,112,3
BOS,09/23/2020,BOS @ MIA,L,239,109,-3
LAL,09/24/2020,LAL @ DEN,W,240,114,6
DEN,09/24/2020,DEN vs. LAL,L,241,108,-6
MIA,09/25/2020,MIA @ BOS,L,239,108,-13
BOS,09/25/2020,BOS vs. MIA,W,238,121,13
LAL,09/26/2020,LAL vs. DEN,W,240,117,10
DEN,09/26/2020,DEN @ LAL,L,240,107,-10
MIA,09/27/2020,MIA vs. BOS,W,240,125,12
BOS,09/27/2020,BOS @ MIA,L,240,113,-12
MIA,09/30/2020,MIA @ LAL,L,239,98,-18
LAL,09/30/2020,LAL vs. MIA,W,239,116,18
MIA,10/02/2020,MIA @ LAL,L,240,114,-10
LAL,10/02/2020,LAL vs. MIA,W,240,124,10
MIA,10/04/2020,MIA vs. LAL,W,240,115,11
LAL,10/04/2020,LAL @ MIA,L,240,104,-11
MIA,10/06/2020,MIA vs. LAL,L,239,96,-6
LAL,10/06/2020,LAL @ MIA,W,241,102,6
MIA,10/09/2020,MIA @ LAL,W,241,111,3
LAL,10/09/2020,LAL vs. MIA,L,240,108,-3
MIA,10/11/2020,MIA vs. LAL,L,240,93,-13
LAL,10/11/2020,LAL @ MIA,W,239,106,13
